-181969174;-1070060187;1136895023;-1069055208;0
26663157;-1070060185;1423317802;-1069055210;0
-744919128;-1070060187;-182793808;-1069055216;0
652560151;-1070060182;-255636453;-1069055215;0
-1744924953;-1070060181;307313500;-1069055214;0
434032215;-1070060179;25838523;-1069055214;0
-128917738;-1070060180;25838523;-1069055214;0
434032215;-1070060179;1151738430;-1069055214;0
-128917738;-1070060180;1714688384;-1069055214;0
-619025046;-1070060181;2064058203;-1069055213;0
-900500023;-1070060181;-1949434116;-1069055213;0
-1744924953;-1070060181;-1667959139;-1069055213;0
1705617413;-1070060181;-1386484163;-1069055213;0
-473339756;-1070060183;2127005244;-1069055210;0
-1880714639;-1070060183;-760587169;-1069055210;0
-681972087;-1070060184;-1542065058;-1069055207;0
725402796;-1070060183;991209732;-1069055206;0
1632774767;-1070060180;1481317041;-1069055205;0
225399884;-1070060180;1340579552;-1069055205;0
-1463449977;-1070060181;1199842064;-1069055205;0
-1953557285;-1070060182;1481317041;-1069055205;0
-1953557285;-1070060182;1622054529;-1069055205;0
-827657378;-1070060182;1199842064;-1069055205;0
1142667459;-1070060181;214679645;-1069055205;0
-1817767599;-1070060180;-484059994;-1069055208;0
1351299791;-1070060180;-692692325;-1069055209;0
1215510105;-1070060182;510998029;-1069055211;0
1851302703;-1070060183;1287528116;-1069055212;0
-1172079395;-1070060185;-1240798872;-1069055215;0
1152563064;-1070060185;-1449431203;-1069055216;0
1788355663;-1070060186;739421570;-1069055218;0
-181969174;-1070060187;-32160715;-1069055220;0
-953551459;-1070060188;-1012375331;-1069055222;0
245191093;-1070060188;-1502482639;-1069055223;0
1235301314;-1070060190;-2060484790;-1069055225;0
745194006;-1070060191;-1987642145;-1069055226;0
119297012;-1070060194;-716056948;-1069055228;0
-16492674;-1070060197;201210628;-1069055228;0
556352884;-1070060200;1332058337;-1069055230;0
-1341129308;-1070060202;1827113447;-1069055231;0
-1476918994;-1070060204;1972798738;-1069055233;0
1692148395;-1070060204;1341953942;-1069055234;0
493405843;-1070060203;-1186373046;-1069055237;0
2109413058;-1070060202;2128379633;-1069055239;0
-851022000;-1070060201;1711114971;-1069055241;0
-642389669;-1070060200;1716062773;-1069055243;0
-715232314;-1070060199;2143223040;-1069055245;0
-225125006;-1070060198;-2146796453;-1069055247;0
-1423867558;-1070060197;-1438161209;-1069055249;0
-297967651;-1070060197;-1151738430;-1069055251;0
-1142392581;-1070060197;-865315651;-1069055253;0
-1986817511;-1070060197;-15942919;-1069055255;0
-1632499889;-1070060198;624797482;-1069055257;0
-152282360;-1070060199;-709734756;-1069055259;0
1755095436;-1070060201;916168064;-1069055261;0
983513151;-1070060202;1551960663;-1069055262;0
-132491151;-1070060207;853221023;-1069055264;0
1211936692;-1070060209;81638738;-1069055265;0
1993414581;-1070060212;-1252893500;-1069055267;0
-1238599849;-1070060215;722379139;-1069055268;0
-175646983;-1070060218;-1597315517;-1069055270;0
42880953;-1070060220;1503857029;-1069055271;0
1387308796;-1070060223;873012232;-1069055272;0
1887311709;-1070060226;-461520006;-1069055274;0
-1063227744;-1070060229;-2145422064;-1069055276;0
-500277791;-1070060229;955750482;-1069055277;0
-1136070389;-1070060228;1455753395;-1069055280;0
-927438058;-1070060227;-1145416238;-1069055282;0
2095944040;-1070060225;1252068866;-1069055283;0
-1218808639;-1070060223;339749093;-1069055284;0
1450255837;-1070060220;-150358215;-1069055286;0
-2145971820;-1070060218;203959407;-1069055286;0
-1029967517;-1070060214;-1130572831;-1069055288;0
-1738602761;-1070060212;-1271310320;-1069055288;0
148983826;-1070060206;-635517721;-1069055289;0
920566110;-1070060205;2111337203;-1069055289;0
-632494064;-1070060204;274878;-1069055289;0
-278176442;-1070060205;422487343;-1069055289;0
920566110;-1070060205;844699808;-1069055289;0
-205333796;-1070060206;985437296;-1069055289;0
920566110;-1070060205;844699808;-1069055289;0
-278176442;-1070060205;274878;-1069055289;0
1682252790;-1070060200;708910122;-1069055291;0
1046460192;-1070060199;-1824364668;-1069055292;0
900774901;-1070060197;-1465099244;-1069055295;0
2026674808;-1070060197;-1110781622;-1069055296;0
-1423867558;-1070060197;1500283616;-1069055298;0
-1423867558;-1070060197;25013890;-1069055299;0
-1142392581;-1070060197;1791654197;-1069055302;0
-1423867558;-1070060197;879334424;-1069055303;0
619299924;-1070060197;-241617680;-1069055306;0
-1069549936;-1070060198;-872462477;-1069055307;0
-715232314;-1070060199;1597865273;-1069055309;0
1046460192;-1070060199;-721829384;-1069055311;0
-1768289575;-1070060200;690493302;-1069055312;0
274877907;-1070060200;1117653570;-1069055314;0
-851022000;-1070060201;1685551325;-1069055316;0
-1695446930;-1070060201;-1056355796;-1069055318;0
-1976921907;-1070060201;215229401;-1069055319;0
-569547023;-1070060201;1627552087;-1069055321;0
-1768289575;-1070060200;-1885937320;-1069055324;0
-923864645;-1070060200;1496710203;-1069055325;0
1890885122;-1070060199;-750141808;-1069055328;0
764985215;-1070060199;-114349209;-1069055329;0
1119302837;-1070060200;-1657513779;-1069055331;0
-1695446930;-1070060201;1443658767;-1069055332;0
1264988128;-1070060202;-1366143198;-1069055335;0
-986811686;-1070060203;1312816884;-1069055336;0
211930866;-1070060203;1249869843;-1069055339;0
-351019087;-1070060204;-1069824814;-1069055341;0
-913969041;-1070060204;-429084413;-1069055344;0
-913969041;-1070060204;-1200666698;-1069055345;0
-1476918994;-1070060204;1551136029;-1069055347;0
-2039868947;-1070060204;216603791;-1069055348;0
2046466017;-1070060205;2123981587;-1069055351;0
1274883732;-1070060206;1633874279;-1069055352;0
1774886645;-1070060209;1357347104;-1069055354;0
-404070523;-1070060211;726502308;-1069055355;0
2066257226;-1070060213;-112974820;-1069055358;0
523092657;-1070060215;-2078351854;-1069055360;0
-1374389535;-1070060217;-30236570;-1069055363;0
387302971;-1070060217;1454928761;-1069055365;0
-1864496843;-1070060218;-1495610692;-1069055368;0
741620593;-1070060218;-995607779;-1069055371;0
-1510179221;-1070060219;-1199292308;-1069055374;0
-874386622;-1070060220;-840026884;-1069055377;0
-1083018953;-1070060221;1630300866;-1069055379;0
1241623506;-1070060221;-194338680;-1069055382;0
324355930;-1070060220;-1033815808;-1069055384;0
-1228704244;-1070060219;-1169605494;-1069055386;0
-811439581;-1070060217;-1586870157;-1069055388;0
-2083024779;-1070060215;247664994;-1069055389;0
1784782250;-1070060213;-1509079709;-1069055391;0
1076147006;-1070060211;888405395;-1069055392;0
-1039863122;-1070060210;-1712764238;-1069055394;0
-2029973343;-1070060208;-1004128994;-1069055396;0
993408756;-1070060206;-14018773;-1069055398;0
1410673418;-1070060204;553878982;-1069055399;0
1827938081;-1070060202;840301762;-1069055401;0
-923864645;-1070060200;563774587;-1069055403;0
1745199831;-1070060197;-838652494;-1069055406;0
-1288077872;-1070060195;2053887721;-1069055408;0
-26388279;-1070060193;1073673105;-1069055410;0
953826337;-1070060190;-188016488;-1069055413;0
1652565977;-1070060188;-1308968593;-1069055415;0
1788355663;-1070060186;-1866970744;-1069055417;0
1642670372;-1070060184;1307044448;-1069055419;0
934035128;-1070060182;1593467227;-1069055421;0
788349837;-1070060180;-1289177384;-1069055423;0
79714593;-1070060178;545357767;-1069055424;0
-628920651;-1070060177;-1774336889;-1069055426;0
914243918;-1070060174;-362014203;-1069055428;0
-1837558808;-1070060172;1753995924;-1069055429;0
1394455622;-1070060169;1545363593;-1069055430;0
2020352616;-1070060166;846623953;-1069055432;0
1666034994;-1070060165;-769383262;-1069055434;0
-449975134;-1070060164;1065151889;-1069055435;0
-314185448;-1070060162;-1676755232;-1069055437;0
1791929075;-1070060159;-686645012;-1069055439;0
1010451186;-1070060156;1288627628;-1069055440;0
-52501680;-1070060154;-468117076;-1069055442;0
-1115454546;-1070060151;-1239699360;-1069055443;0
1689399616;-1070060146;594835791;-1069055444;0
2106664279;-1070060144;-1375489046;-1069055445;0
335076169;-1070060139;1089890901;-1069055445;0
1951083383;-1070060138;245465971;-1069055445;0
-101979703;-1070060134;1089890901;-1069055445;0
1514027511;-1070060132;1230628389;-1069055445;0
-1737778128;-1070060127;-1865596354;-1069055446;0
1076971639;-1070060126;-2147071331;-1069055446;0
2120133296;-1070060121;740521081;-1069055446;0
421387831;-1070060117;-385378826;-1069055447;0
338649581;-1070060112;-1089066267;-1069055447;0
-1224306198;-1070060107;2080001122;-1069055447;0
-462619517;-1070060102;672626238;-1069055447;0
862017116;-1070060096;-1156961110;-1069055448;0
779278866;-1070060091;604731395;-1069055448;0
133590663;-1070060086;818311529;-1069055449;0
1812544918;-1070060082;-1292750796;-1069055450;0
1239699360;-1070060078;1735579104;-1069055450;0
666853802;-1070060074;46729244;-1069055450;0
-187466733;-1070060071;-375483221;-1069055451;0
438430262;-1070060067;-1501383128;-1069055451;0
782852279;-1070060064;-302640576;-1069055452;0
-1197368163;-1070060061;-2132227924;-1069055452;0
1326011023;-1070060056;1177576953;-1069055452;0
753165465;-1070060052;1881264395;-1069055452;0
1306219814;-1070060048;-21165599;-1069055452;0
-955475605;-1070060045;1459051930;-1069055452;0
869163942;-1070060042;-1074222860;-1069055453;0
-57999238;-1070060038;-89060442;-1069055453;0
2120957930;-1070060036;1881264395;-1069055452;0
-1975272639;-1070060031;2022001883;-1069055452;0
975266814;-1070060028;-511272907;-1069055453;0
1882638785;-1070060025;265257180;-1069055453;0
1309793227;-1070060021;901049779;-1069055454;0
-1869169767;-1070060017;-787800081;-1069055455;0
-190215512;-1070060013;-647062593;-1069055455;0
1488738744;-1070060008;619574802;-1069055454;0
-1127274296;-1070060004;1886212197;-1069055454;0
551679959;-1070059999;-719905238;-1069055454;0
1104734308;-1070059995;-16217797;-1069055454;0
-1511278732;-1070059991;-438430262;-1069055454;0
449150500;-1070059986;-1001380215;-1069055454;0
366412250;-1070059981;-2127280122;-1069055454;0
-1686650837;-1070059977;2026949686;-1069055454;0
1681153279;-1070059972;2026949686;-1069055454;0
-90434831;-1070059968;-2127280122;-1069055454;0
-736123035;-1070059963;-1282855192;-1069055454;0
-537386308;-1070059958;-1564330168;-1069055454;0
-620124558;-1070059953;-1142117703;-1069055454;0
-421387831;-1070059948;-438430262;-1069055454;0
340298849;-1070059942;-156955285;-1069055454;0
-2067081860;-1070059937;546732157;-1069055453;0
-388127605;-1070059933;1250419599;-1069055453;0
1009351674;-1070059928;-2059385279;-1069055453;0
-1606661366;-1070059924;-933485372;-1069055453;0
426610512;-1070059920;-511272907;-1069055453;0
-427710023;-1070059917;828207134;-1069055453;0
125344326;-1070059912;619574802;-1069055454;0
-166026256;-1070059909;410942471;-1069055455;0
105553116;-1070059904;-782852279;-1069055457;0
-1030242395;-1070059901;-991484610;-1069055458;0
-1884562930;-1070059897;-2044541872;-1069055459;0
1556083831;-1070059893;493680721;-1069055460;0
983238273;-1070059889;-1544538959;-1069055462;0
973342668;-1070059885;289996192;-1069055463;0
681972087;-1070059881;-903798558;-1069055465;0
390601506;-1070059877;-1534643354;-1069055466;0
-1026668982;-1070059874;649261616;-1069055466;0
-755089610;-1070059870;367786639;-1069055466;0
-1609410145;-1070059866;-335900802;-1069055467;0
-1056355796;-1070059862;508524128;-1069055466;0
976916081;-1070059858;-1956855820;-1069055466;0
1248495453;-1070059854;-830955913;-1069055466;0
321332273;-1070059849;294943994;-1069055465;0
520069000;-1070059844;154206506;-1069055465;0
1844705634;-1070059839;-690218424;-1069055466;0
-562675076;-1070059834;-1675380843;-1069055466;0
-1489838256;-1070059829;367786639;-1069055466;0
189116000;-1070059824;1707266680;-1069055467;0
-1791104442;-1070059821;-263058157;-1069055468;0
-1165207448;-1070059818;-1811170529;-1069055468;0
23639500;-1070059814;1780109325;-1069055468;0
1775436401;-1070059811;1076421884;-1069055468;0
1556908465;-1070059808;794946907;-1069055468;0
-568997267;-1070059803;-1248220575;-1069055468;0
692692325;-1070059800;1285054215;-1069055467;0
47004122;-1070059795;227049151;-1069055466;0
1381536360;-1070059794;227049151;-1069055466;0
-1515951657;-1070059790;299891796;-1069055467;0
944480488;-1070059788;935684395;-1069055468;0
1570377482;-1070059785;940632198;-1069055470;0
298792285;-1070059783;-112425064;-1069055472;0
-1608585511;-1070059781;1935690221;-1069055474;0
-1399953180;-1070059780;601157982;-1069055475;0
-1545638471;-1070059778;-1504956541;-1069055478;0
-1618481116;-1070059777;1596216006;-1069055479;0
-1409848785;-1070059776;402421256;-1069055480;0
-638266500;-1070059775;1111056500;-1069055482;0
133315785;-1070059773;553054349;-1069055484;0
341948116;-1070059772;-1271585198;-1069055487;0
-293844483;-1070059772;1198742552;-1069055489;0
1395005378;-1070059771;-1892534389;-1069055492;0
-1492587035;-1070059771;296318384;-1069055494;0
-1211112058;-1070059771;1922221203;-1069055497;0
-85212151;-1070059771;-324630808;-1069055500;0
-2128379633;-1070059770;1160534523;-1069055502;0
-1002479727;-1070059770;-1790004930;-1069055505;0
1249320087;-1070059769;-445577087;-1069055508;0
-230897442;-1070059769;54425826;-1069055510;0
1739427395;-1070059768;976641203;-1069055513;0
540684843;-1070059767;-1692423273;-1069055516;0
-2065432593;-1070059767;1200116942;-1069055518;0
-939532686;-1070059767;79164837;-1069055520;0
-1221007663;-1070059767;-56624849;-1069055523;0
1948059727;-1070059767;-1177576953;-1069055525;0
1666584750;-1070059767;-187466733;-1069055527;0
1666584750;-1070059767;802643488;-1069055528;0
-2065432593;-1070059767;1792753709;-1069055530;0
1030792151;-1070059766;1166856715;-1069055533;0
1312267128;-1070059766;-449150500;-1069055535;0
-1711114971;-1070059768;1458227296;-1069055537;0
-1638272325;-1070059769;-17042430;-1069055539;0
-648162105;-1070059771;-79989471;-1069055542;0
-575319459;-1070059772;-1836734174;-1069055543;0
1259215692;-1070059773;-773781308;-1069055546;0
1050583360;-1070059774;-841676151;-1069055547;0
1404900982;-1070059775;-60198262;-1069055550;0
1686375959;-1070059775;-2030523099;-1069055550;0
-1691323761;-1070059776;-1249045209;-1069055553;0
2040693581;-1070059776;1216334738;-1069055553;0
-492581209;-1070059777;1294125186;-1069055556;0
-492581209;-1070059777;1789180296;-1069055557;0
914793674;-1070059776;-2078626732;-1069055559;0
1477743628;-1070059776;-1797151756;-1069055559;0
841951029;-1070059775;1231178145;-1069055559;0
1123426006;-1070059775;386753215;-1069055559;0
-283948878;-1070059776;1308968593;-1069055562;0
2040693581;-1070059776;-1432938529;-1069055564;0
-492581209;-1070059777;-161353331;-1069055566;0
-138263587;-1070059778;1250969355;-1069055567;0
-555528250;-1070059780;1750972267;-1069055570;0
-1608585511;-1070059781;557177517;-1069055571;0
17317308;-1070059783;-704512075;-1069055574;0
-1598689907;-1070059785;-1616831849;-1069055575;0
1361745151;-1070059786;1625078186;-1069055576;0
1507430442;-1070059788;-1398303913;-1069055578;0
-1234476680;-1070059790;-1252618622;-1069055580;0
-525841436;-1070059792;-1529145796;-1069055582;0
464268785;-1070059793;-2087147947;-1069055584;0
1735853982;-1070059795;1509079709;-1069055586;0
-724578163;-1070059797;669602581;-1069055588;0
-1496160447;-1070059798;-592087012;-1069055591;0
1464274610;-1070059799;-1572301628;-1069055593;0
692692325;-1070059800;1601713564;-1069055595;0
-360364936;-1070059802;199286483;-1069055597;0
-1694897174;-1070059803;-780928134;-1069055600;0
-1903529506;-1070059804;-1901880238;-1069055602;0
-986261930;-1070059805;1835084907;-1069055604;0
1056905552;-1070059805;1136345267;-1069055606;0
-1194894261;-1070059806;1141293070;-1069055608;0
285323267;-1070059806;724028407;-1069055610;0
2047015773;-1070059807;869713698;-1069055612;0
76690936;-1070059807;1015398988;-1069055614;0
-1330683948;-1070059808;598134326;-1069055616;0
1838383442;-1070059808;180869663;-1069055618;0
1275433488;-1070059808;-1080819930;-1069055621;0
1556908465;-1070059808;1952457773;-1069055623;0
1838383442;-1070059808;-435131727;-1069055626;0
1838383442;-1070059808;1894458535;-1069055628;0
1556908465;-1070059808;351293965;-1069055630;0
1838383442;-1070059808;1695721808;-1069055633;0
-1893633901;-1070059808;-1677030110;-1069055636;0
-767733994;-1070059808;-332602267;-1069055639;0
639640889;-1070059807;1152563064;-1069055641;0
-1403526593;-1070059807;-1235026436;-1069055644;0
848273221;-1070059806;250138895;-1069055646;0
-1757844215;-1070059806;1735304227;-1069055649;0
-631944308;-1070059806;-89335320;-1069055652;0
-1830686860;-1070059805;-1069549936;-1069055654;0
-704786953;-1070059805;-1205339622;-1069055656;0
1265537884;-1070059804;-1341129308;-1069055658;0
-496154622;-1070059804;1832885884;-1069055660;0
66795331;-1070059803;993408756;-1069055662;0
1192695238;-1070059803;294669116;-1069055664;0
-1694897174;-1070059803;158879430;-1069055666;0
-568997267;-1070059803;-962072674;-1069055669;0
1401327570;-1070059802;1508255075;-1069055671;0
-1486264843;-1070059802;-738596936;-1069055674;0
-78889959;-1070059802;1028043372;-1069055676;0
-360364936;-1070059802;-1500283616;-1069055679;0
-360364936;-1070059802;266356692;-1069055681;0
765534971;-1070059801;-1839757831;-1069055684;0
1609959901;-1070059801;630569919;-1069055686;0
765534971;-1070059801;-912594651;-1069055689;0
-641839913;-1070059802;1416995610;-1069055691;0
-2049214796;-1070059802;296043506;-1069055693;0
1119852593;-1070059802;-1669333529;-1069055696;0
556902639;-1070059802;-465643174;-1069055699;0
-1131947221;-1070059803;456572203;-1069055701;0
2037120168;-1070059803;1378787581;-1069055704;0
1474170215;-1070059803;1597315517;-1069055707;0
911220262;-1070059803;1393630988;-1069055710;0
911220262;-1070059803;1330683948;-1069055713;0
1474170215;-1070059803;2112161837;-1069055716;0
556902639;-1070059802;-697640128;-1069055719;0
202585017;-1070059801;1491212645;-1069055721;0
-1277632511;-1070059801;792473006;-1069055723;0
1537117256;-1070059800;234470855;-1069055725;0
901324657;-1070059799;-323531296;-1069055728;0
-1704792779;-1070059799;-1022270936;-1069055730;0
265532058;-1070059798;-1439535599;-1069055732;0
1391431965;-1070059798;-1293850308;-1069055734;0
-2059110401;-1070059798;-725952552;-1069055736;0
192689413;-1070059797;-17317308;-1069055738;0
474164389;-1070059797;1113530401;-1069055739;0
474164389;-1070059797;-1909851697;-1069055741;0
-1214685471;-1070059798;-1341953942;-1069055743;0
1672906942;-1070059798;-1477743628;-1069055745;0
1954381918;-1070059798;-2035745779;-1069055747;0
1954381918;-1070059798;856794436;-1069055749;0
547007035;-1070059798;158054796;-1069055751;0
-1704792779;-1070059799;-259209866;-1069055754;0
619849680;-1070059799;-957949506;-1069055756;0
-506050227;-1070059800;-2078901610;-1069055758;0
-1913425110;-1070059800;954376093;-1069055760;0
692692325;-1070059800;-729525965;-1069055763;0
-1631950134;-1070059800;1037114343;-1069055765;0
-224575250;-1070059800;-2054162599;-1069055768;0
-1350475157;-1070059800;-709734756;-1069055771;0
692692325;-1070059800;493955599;-1069055773;0
-714682558;-1070059801;2119858418;-1069055776;0
-151732605;-1070059801;-267731081;-1069055779;0
1537117256;-1070059800;1217434250;-1069055781;0
338374703;-1070059799;-888680273;-1069055784;0
-15942919;-1070059799;877960035;-1069055786;0
474164389;-1070059797;-665204535;-1069055789;0
1527221651;-1070059796;-1926894128;-1069055791;0
609954076;-1070059795;1669333529;-1069055793;0
1663011337;-1070059794;829856401;-1069055795;0
-1860373674;-1070059793;834804203;-1069055797;0
-1370266366;-1070059792;839752006;-1069055799;0
-35734128;-1070059791;422487343;-1069055801;0
1861748064;-1070059789;5222680;-1069055803;0
590162866;-1070059787;-271304494;-1069055806;0
-399947355;-1070059786;-125619203;-1069055808;0
-1108582599;-1070059784;-402146378;-1069055810;0
1351849546;-1070059782;-397198576;-1069055812;0
-482685605;-1070059781;-110775796;-1069055814;0
1977746540;-1070059779;316384471;-1069055815;0
143211390;-1070059777;1025019715;-1069055817;0
-1691323761;-1070059776;1170705006;-1069055819;0
1050583360;-1070059774;1738602761;-1069055821;0
-1628376721;-1070059773;-2129204267;-1069055823;0
-293844483;-1070059772;127543349;-1069055824;0
-1002479727;-1070059770;-1837833686;-1069055827;0
1249320087;-1070059769;1544813837;-1069055828;0
1176477442;-1070059768;-983513151;-1069055831;0
822159820;-1070059767;991759488;-1069055832;0
1312267128;-1070059766;2122607197;-1069055834;0
1520899459;-1070059765;-2026674808;-1069055836;0
603631884;-1070059764;1147340384;-1069055838;0
-313635692;-1070059764;-114349209;-1069055841;0
-949428291;-1070059763;-1938988756;-1069055843;0
-1585220889;-1070059762;812813971;-1069055845;0
-1658063535;-1070059761;536286796;-1069055847;0
1156686232;-1070059760;-162452843;-1069055850;0
1928268517;-1070059759;-298242529;-1069055852;0
-1032166541;-1070059758;-293294727;-1069055854;0
-542059232;-1070059757;-992034366;-1069055856;0
-333426901;-1070059756;1900505849;-1069055858;0
1918372913;-1070059755;498078767;-1069055860;0
1564055291;-1070059754;-482135849;-1069055863;0
83837762;-1070059753;-1040138000;-1069055865;0
-1677854744;-1070059753;1852402215;-1069055867;0
-833429814;-1070059753;-112974820;-1069055870;0
292470093;-1070059752;-1796876878;-1069055872;0
292470093;-1070059752;-30236570;-1069055875;0
1136895023;-1070059752;-1432663651;-1069055877;0
1064052378;-1070059751;896926610;-1069055879;0
2117109639;-1070059750;761136924;-1069055881;0
282574488;-1070059748;62397285;-1069055883;0
-426060756;-1070059747;-1621504773;-1069055886;0
-8796093;-1070059745;1411772930;-1069055888;0
-1071748959;-1070059742;-131391640;-1069055891;0
1034365564;-1070059739;1353773692;-1069055893;0
1170155250;-1070059737;-1456028273;-1069055896;0
-945854878;-1070059736;-674550384;-1069055899;0
1587419913;-1070059735;951352436;-1069055901;0
-174272593;-1070059735;1592092837;-1069055904;0
-247115238;-1070059734;-1921396570;-1069055907;0
1014574355;-1070059731;548931180;-1069055909;0
-1455753395;-1070059729;-1275708366;-1069055912;0
-1392806354;-1070059726;2039044314;-1069055914;0
-203959407;-1070059723;918092209;-1069055916;0
421937587;-1070059719;-202859895;-1069055919;0
1610784535;-1070059716;-1323812000;-1069055921;0
-1776810790;-1070059713;-1459601686;-1069055923;0
-306488866;-1070059710;-1454653884;-1069055925;0
-879334424;-1070059706;-605281151;-1069055927;0
-889230029;-1070059702;1792203953;-1069055928;0
-617650657;-1070059698;1161359157;-1069055929;0
1624253552;-1070059693;-527490703;-1069055930;0
-991759488;-1070059689;-1231178145;-1069055930;0
1885937320;-1070059685;1515676779;-1069055930;0
-1220183029;-1070059682;-1862022942;-1069055931;0
250138895;-1070059678;-1366967831;-1069055932;0
2074778442;-1070059676;-1997812628;-1069055933;0
-1239974238;-1070059674;-163277477;-1069055935;0
1501932884;-1070059672;-2128654511;-1069055937;0
793297639;-1070059670;200935750;-1069055939;0
2127829878;-1070059669;-1201491331;-1069055942;0
1700669610;-1070059667;-211381110;-1069055944;0
-696815494;-1070059666;1200941575;-1069055945;0
1924145;-1070059663;429359291;-1069055946;0
-1342503698;-1070059661;642939424;-1069055947;0
-1915349256;-1070059657;997257046;-1069055948;0
1525297506;-1070059653;1633049645;-1069055949;0
952451948;-1070059649;1987367267;-1069055950;0
-1590718447;-1070059646;-545907523;-1069055951;0
442553430;-1070059642;298517407;-1069055950;0
-693242081;-1070059639;1424417314;-1069055950;0
1058554820;-1070059635;-900225145;-1069055950;0
204234285;-1070059631;-2098967697;-1069055949;0
548656302;-1070059628;575044581;-1069055948;0
-1150089163;-1070059625;-1186647924;-1069055948;0
810340070;-1070059620;502201936;-1069055947;0
-1524197994;-1070059616;2050314308;-1069055947;0
717706215;-1070059611;-1118753081;-1069055947;0
1270760564;-1070059607;-1400228058;-1069055947;0
416440029;-1070059603;2050314308;-1069055947;0
-83562884;-1070059601;-342222994;-1069055948;0
260859134;-1070059597;-973067791;-1069055949;0
42331198;-1070059594;-900225145;-1069055950;0
-739146692;-1070059592;-827382500;-1069055951;0
522542901;-1070059589;-1458227296;-1069055952;0
-467567320;-1070059588;1361470273;-1069055953;0
1075597250;-1070059585;381255657;-1069055955;0
-1040412878;-1070059584;-390326628;-1069055957;0
-1050308482;-1070059580;-1089066267;-1069055959;0
-914518796;-1070059578;-1719911064;-1069055960;0
-79989471;-1070059574;-448325866;-1069055962;0
-1070099692;-1070059572;187466733;-1069055962;0
-725677674;-1070059569;1740526907;-1069055964;0
-1715787895;-1070059567;1672632064;-1069055965;0
1370541244;-1070059562;-1210012546;-1069055967;0
307588378;-1070059559;1114629913;-1069055967;0
652010395;-1070059556;833154936;-1069055967;0
433482459;-1070059553;129467494;-1069055967;0
-2109687936;-1070059550;-292744971;-1069055968;0
768008872;-1070059546;270204983;-1069055967;0
-86311663;-1070059543;2099792331;-1069055967;0
1665485238;-1070059539;1041787267;-1069055966;0
-596210180;-1070059536;1672632064;-1069055965;0
-1732005692;-1070059532;2022001883;-1069055964;0
-616001389;-1070059528;-797695686;-1069055963;0
1344427843;-1070059523;959049017;-1069055961;0
-990110221;-1070059519;-1156961110;-1069055960;0
-1635798424;-1070059514;1162733546;-1069055958;0
-311161791;-1070059509;313360814;-1069055956;0
-2082749901;-1070059504;-1380436849;-1069055955;0
-403795645;-1070059500;94832878;-1069055953;0
430733680;-1070059495;866415163;-1069055952;0
1265263006;-1070059491;1497259959;-1069055951;0
1536842378;-1070059487;1987367267;-1069055950;0
-1923595593;-1070059483;-1817492721;-1069055949;0
-1933491197;-1070059479;-1749597878;-1069055948;0
2070105517;-1070059475;-555803128;-1069055947;0
-1108857477;-1070059471;-1332333215;-1069055946;0
-2036020657;-1070059466;2045366506;-1069055945;0
-148434070;-1070059461;283674000;-1069055944;0
1739152517;-1070059455;283674000;-1069055944;0
530514360;-1070059450;-1900230971;-1069055944;0
-115173843;-1070059446;-352118599;-1069055944;0
-197912093;-1070059441;1195993773;-1069055943;0
1126724541;-1070059435;-492856087;-1069055944;0
-2125081099;-1070059430;1550311395;-1069055944;0
2087147947;-1070059425;2199023;-1069055944;0
597034814;-1070059420;-279275953;-1069055945;0
-1174553296;-1070059416;-701488419;-1069055945;0
222925983;-1070059411;-1827388325;-1069055945;0
1338930285;-1070059407;215779157;-1069055945;0
1610509657;-1070059403;-1754545680;-1069055946;0
-442553430;-1070059399;570096779;-1069055946;0
-2141298895;-1070059395;147884314;-1069055946;0
-1306769570;-1070059391;-1118753081;-1069055947;0
-1035190198;-1070059387;1065151889;-1069055947;0
-1608035756;-1070059383;-1749597878;-1069055948;0
633868453;-1070059378;434307093;-1069055948;0
-856244680;-1070059374;-1395280256;-1069055949;0
1385659529;-1070059369;1914524622;-1069055949;0
1584396256;-1070059364;1773787134;-1069055949;0
-1385934407;-1070059359;1070099692;-1069055949;0
783127157;-1070059353;-478012680;-1069055950;0
909021238;-1070059347;1142942337;-1069055950;0
-581091895;-1070059343;1002204849;-1069055950;0
-1153937453;-1070059339;-1603912587;-1069055950;0
-1935415343;-1070059336;1914524622;-1069055949;0
-1028043372;-1070059333;856519558;-1069055948;0
-1319413953;-1070059329;-764435459;-1069055948;0
78065326;-1070059324;-1963178011;-1069055947;0
2038494558;-1070059320;1414521709;-1069055946;0
-1140468436;-1070059316;-487908285;-1069055946;0
2091545994;-1070059313;-138538465;-1069055945;0
-733099378;-1070059310;-1759493482;-1069055944;0
2144597430;-1070059306;-70643622;-1069055944;0
2134701825;-1070059302;-211381110;-1069055944;0
998906314;-1070059298;-1196543529;-1069055944;0
1343328331;-1070059295;-1618755994;-1069055944;0
624797482;-1070059289;1409573907;-1069055944;0
1532169453;-1070059286;987361442;-1069055944;0
-729525965;-1070059283;424411488;-1069055944;0
-1302371523;-1070059279;424411488;-1069055944;0
1856800261;-1070059275;142936512;-1069055944;0
2128379633;-1070059271;-560750930;-1069055945;0
-1895008290;-1070059267;-1968125814;-1069055945;0
-216054035;-1070059263;-1191595727;-1069055946;0
-1987642145;-1070059258;1628101843;-1069055947;0
2015954570;-1070059254;-128642860;-1069055949;0
1161634035;-1070059250;1565154802;-1069055950;0
588788477;-1070059246;-613802366;-1069055952;0
-547007035;-1070059243;939257808;-1069055953;0
2049214796;-1070059239;-1521174337;-1069055955;0
68994355;-1070059235;876310767;-1069055956;0
-1911226087;-1070059232;-739696448;-1069055958;0
1247945698;-1070059228;1517051168;-1069055959;0
1238050093;-1070059224;-1084118465;-1069055961;0
946679512;-1070059220;-94008244;-1069055963;0
-1596490884;-1070059217;192414535;-1069055964;0
-1533543843;-1070059214;-365587616;-1069055967;0
291095703;-1070059211;1119577715;-1069055969;0
-1334807116;-1070059209;-142111878;-1069055972;0
1052782384;-1070059206;-1544538959;-1069055974;0
-1136070389;-1070059204;1348001256;-1069055976;0
1251519110;-1070059201;789999105;-1069055978;0
-1781758593;-1070059199;-1248220575;-1069055980;0
-447226355;-1070059198;-1738327884;-1069055981;0
532988262;-1070059195;-1311167616;-1069055983;0
-102804337;-1070059195;-1379062459;-1069055984;0
-248489628;-1070059193;1232002779;-1069055986;0
-39857297;-1070059192;319683006;-1069055987;0
23089744;-1070059188;2086323314;-1069055990;0
440354407;-1070059186;188841122;-1069055991;0
294669116;-1070059184;-1708641070;-1069055993;0
148983826;-1070059182;688844035;-1069055994;0
284773512;-1070059180;-1349375645;-1069055996;0
983513151;-1070059178;62947041;-1069055997;0
-1205339622;-1070059176;1053057262;-1069055999;0
-860917605;-1070059173;1902429994;-1069056001;0
1735304227;-1070059169;-558002151;-1069056003;0
599508715;-1070059165;-907371971;-1069056004;0
26663157;-1070059161;713583046;-1069056004;0
2059935035;-1070059158;-693791837;-1069056005;0
-201760384;-1070059155;-834529325;-1069056005;0
987086564;-1070059151;-693791837;-1069056005;0
-1274608854;-1070059148;150633093;-1069056004;0
1884562930;-1070059144;-2033271878;-1069056004;0
1030242395;-1070059140;640740401;-1069056003;0
1093189436;-1070059137;2116010128;-1069056002;0
-814188360;-1070059135;-1548112372;-1069056001;0
-115448721;-1070059133;1475269727;-1069055999;0
301815942;-1070059130;-359265424;-1069055998;0
156130651;-1070059128;1116004302;-1069055996;0
854870291;-1070059126;1746849099;-1069055995;0
146235046;-1070059124;-87686052;-1069055994;0
-1969775081;-1070059123;1950533628;-1069055992;0
-353767866;-1070059122;960423407;-1069055990;0
2106664279;-1070059120;38208029;-1069055987;0
-1698195709;-1070059119;382630046;-1069055984;0
-82188494;-1070059118;304839599;-1069055981;0
970868767;-1070059116;227049151;-1069055978;0
2023926029;-1070059115;-1185273535;-1069055977;0
-1499458982;-1070059114;993683634;-1069055975;0
1805398093;-1070059112;285048390;-1069055973;0
815287872;-1070059110;-705061831;-1069055972;0
-1373564901;-1070059108;-1272959587;-1069055970;0
-1873567814;-1070059105;1609685023;-1069055968;0
1567078947;-1070059101;-2054437476;-1069055967;0
921390744;-1070059096;-1705067657;-1069055966;0
2037395046;-1070059092;1250419599;-1069055965;0
-1704517901;-1070059088;-1355697837;-1069055965;0
1381811238;-1070059083;-2059385279;-1069055965;0
-1515676779;-1070059079;1109682110;-1069055965;0
-1807047360;-1070059075;1182524756;-1069055966;0
-1181150366;-1070059072;833154936;-1069055967;0
-555253372;-1070059069;-501377302;-1069055969;0
1550861151;-1070059066;-1413697075;-1069055970;0
-2045366506;-1070059064;1828212959;-1069055971;0
1822440523;-1070059062;1338105651;-1069055972;0
-12094628;-1070059061;-418639052;-1069055974;0
-1846629779;-1070059059;2119583540;-1069055975;0
-866415163;-1070059057;-408743448;-1069055978;0
1948334604;-1070059056;1988741657;-1069055979;0
468117076;-1070059055;2066532104;-1069055982;0
749592052;-1070059055;450524889;-1069055983;0
-939257808;-1070059056;1367792465;-1069055984;0
-657782831;-1070059056;1508529953;-1069055984;0
-2065157715;-1070059056;1508529953;-1069055984;0
1948334604;-1070059056;-1024744837;-1069055985;0
-1502207761;-1070059056;1727057889;-1069055987;0
-94832878;-1070059056;-170424302;-1069055989;0
-1012100453;-1070059055;1382635872;-1069055990;0
-313360814;-1070059053;-2062958692;-1069055992;0
-531888750;-1070059050;-1917273401;-1069055994;0
-468941709;-1070059047;2101166721;-1069055996;0
156955285;-1070059043;980214616;-1069055998;0
-61572651;-1070059041;0;-1069056000;0
-1124525517;-1070059038;-698739639;-1069056003;0
-1906003407;-1070059035;-834529325;-1069056005;0
-2124531343;-1070059032;-407369058;-1069056007;0
471690488;-1070059028;301266186;-1069056008;0
743269860;-1070059024;869163942;-1069056010;0
1577799186;-1070059020;1859274163;-1069056012;0
1567903581;-1070059016;-1164107936;-1069056014;0
-130841884;-1070059013;-173997715;-1069056016;0
1620955017;-1070059009;-1930742418;-1069056017;0
-1203690355;-1070059006;1311167616;-1069056018;0
-577793360;-1070059003;258110355;-1069056019;0
892528564;-1070058999;-1920846814;-1069056021;0
1518425558;-1070058996;-1212211570;-1069056023;0
-388952238;-1070058994;-785051302;-1069056025;0
-253162552;-1070058992;486533895;-1069056026;0
1644319639;-1070058990;1758119093;-1069056028;0
445577087;-1070058989;-1406000494;-1069056030;0
1290002017;-1070058989;6322192;-1069056031;0
-680322820;-1070058990;1137169901;-1069056033;0
-607480174;-1070058991;-1745474709;-1069056035;0
1227054977;-1070058992;-682521843;-1069056038;0
101155070;-1070058992;1996438238;-1069056039;0
-1024744837;-1070058993;1511278732;-1069056042;0
-180319907;-1070058993;-667678436;-1069056044;0
945580000;-1070058992;1166856715;-1069056045;0
2071479907;-1070058992;2016229447;-1069056047;0
309787401;-1070058991;-1288627628;-1069056049;0
-44530221;-1070058991;-579992384;-1069056051;0
445577087;-1070058989;-575044581;-1069056053;0
-1107483087;-1070058988;-1133046732;-1069056055;0
-971693401;-1070058986;-1972523860;-1069056057;0
-554428738;-1070058984;1342228820;-1069056059;0
144310901;-1070058981;502751692;-1069056061;0
-282849366;-1070058980;648436982;-1069056063;0
1333157849;-1070058978;2060759668;-1069056065;0
-1345802232;-1070058977;-1103359918;-1069056067;0
270204983;-1070058975;-816937139;-1069056069;0
-1845805145;-1070058974;-1515676779;-1069056071;0
-792747884;-1070058973;673175994;-1069056073;0
260309378;-1070058971;-1151463552;-1069056076;0
750416686;-1070058970;1600339174;-1069056078;0
959049017;-1070058969;197912093;-1069056080;0
1167681349;-1070058968;-923040012;-1069056083;0
-1229803756;-1070058967;-777354721;-1069056085;0
1230628389;-1070058965;-913144407;-1069056087;0
521993145;-1070058963;-2034096511;-1069056089;0
1220732785;-1070058961;1421393657;-1069056091;0
-1812544918;-1070058959;722654017;-1069056093;0
12094628;-1070058956;868339308;-1069056095;0
-1822440523;-1070058955;1999187017;-1069056097;0
-1405175860;-1070058953;-1232827413;-1069056100;0
1128098930;-1070058952;-1441459744;-1069056101;0
773781308;-1070058951;-2140199383;-1069056103;0
-633593576;-1070058952;-164926744;-1069056105;0
1691048884;-1070058952;402971012;-1069056106;0
75041669;-1070058953;-295768628;-1069056109;0
783676913;-1070058955;1330134192;-1069056111;0
84937273;-1070058957;-1761142750;-1069056114;0
1147890139;-1070058960;-135239930;-1069056117;0
1929368029;-1070058963;2053612843;-1069056119;0
-1021171424;-1070058966;1073398227;-1069056121;0
886206372;-1070058968;-47553878;-1069056124;0
1667684261;-1070058971;-605556029;-1069056126;0
-1001380215;-1070058974;-1304295668;-1069056128;0
624522605;-1070058976;1025294593;-1069056130;0
-74217035;-1070058979;-799344953;-1069056133;0
915893186;-1070058980;1389507820;-1069056135;0
1270210808;-1070058981;-435131727;-1069056138;0
-1826013936;-1070058982;1753721046;-1069056140;0
-1544538959;-1070058982;-1619030872;-1069056143;0
-1898856581;-1070058981;-1119027959;-1069056146;0
561575564;-1070058979;225399884;-1069056148;0
-1627277209;-1070058977;866140285;-1069056151;0
760312291;-1070058974;1366143198;-1069056154;0
1177576953;-1070058972;1866146110;-1069056157;0
-375483221;-1070058971;-1788080785;-1069056160;0
-1292750796;-1070058970;-865865407;-1069056163;0
-2137175726;-1070058970;1322987366;-1069056165;0
-656958198;-1070058971;905722703;-1069056167;0
1949159238;-1070058971;-1554709442;-1069056169;0
1740526907;-1070058972;-1195444017;-1069056172;0
-1147065506;-1070058972;920566110;-1069056173;0
-584115552;-1070058972;-1962078500;-1069056175;0
2022001883;-1070058972;-831230791;-1069056177;0
-511272907;-1070058973;581091895;-1069056178;0
-229797930;-1070058973;1148989651;-1069056180;0
333152023;-1070058972;731724988;-1069056182;0
2022001883;-1070058972;1158885256;-1069056184;0
-1710015459;-1070058972;1586045523;-1069056186;0
1740526907;-1070058972;1872468302;-1069056188;0
-1074222860;-1070058973;965096331;-1069056191;0
1250419599;-1070058973;-1776810790;-1069056193;0
687469645;-1070058973;-645963081;-1069056195;0
-719905238;-1070058974;-218802814;-1069056197;0
-1564330168;-1070058974;-354592500;-1069056199;0
-1845805145;-1070058974;-1053332139;-1069056201;0
-1564330168;-1070058974;2120683052;-1069056203;0
2094844529;-1070058973;14568529;-1069056205;0
-865590529;-1070058972;1358996372;-1069056208;0
468941709;-1070058970;-1169330616;-1069056211;0
677574041;-1070058969;456572203;-1069056213;0
-1647068418;-1070058969;-2071754785;-1069056216;0
-1928543395;-1070058969;-23639500;-1069056219;0
1803473947;-1070058969;-1566804070;-1069056221;0
396099064;-1070058969;1607211122;-1069056223;0
-2137175726;-1070058970;767733994;-1069056225;0
-938433174;-1070058971;350469331;-1069056227;0
823259331;-1070058971;-489007796;-1069056230;0
-1710015459;-1070058972;-1047009948;-1069056232;0
51677047;-1070058972;2127005244;-1069056234;0
-1918647790;-1070058973;724578163;-1069056236;0
-438430262;-1070058974;-396373942;-1069056239;0
478837314;-1070058974;-1376588558;-1069056241;0
-292744971;-1070058976;1938164122;-1069056243;0
1823265157;-1070058977;1239424482;-1069056245;0
-637166988;-1070058979;681422331;-1069056247;0
634418209;-1070058980;123420180;-1069056249;0
1624528430;-1070058982;-575319459;-1069056252;0
-1680328645;-1070058984;-7421703;-1069056254;0
998631436;-1070058985;1827113447;-1069056255;0
862841750;-1070058987;1128373808;-1069056257;0
-1670433040;-1070058988;1060478965;-1069056258;0
-471690488;-1070058989;-1186373046;-1069056261;0
-1034640442;-1070058989;-337000314;-1069056263;0
-1879065372;-1070058989;90159953;-1069056264;0
1852951971;-1070058989;1221007663;-1069056266;0
164102110;-1070058989;-2011006767;-1069056269;0
-1243272773;-1070058990;1934590709;-1069056270;0
872737355;-1070058991;-734473767;-1069056273;0
-253162552;-1070058992;1027218738;-1069056273;0
-461794884;-1070058993;-1360370761;-1069056276;0
1862847575;-1070058993;-1991215558;-1069056277;0
-1796327122;-1070058994;197637215;-1069056279;0
528315337;-1070058994;1609959901;-1069056281;0
-1723484477;-1070058995;1474170215;-1069056283;0
1164107936;-1070058995;634693087;-1069056285;0
319683006;-1070058995;-1893633901;-1069056288;0
601157982;-1070058995;295218872;-1069056290;0
1164107936;-1070058995;-1247945698;-1069056293;0
-1442009500;-1070058995;2066806982;-1069056295;0
-1160534523;-1070058995;2071754785;-1069056297;0
-2004959453;-1070058995;2076702587;-1069056299;0
882632959;-1070058995;2081650389;-1069056301;0
-1087691878;-1070058996;-1504681663;-1069056303;0
1799900535;-1070058996;-373833953;-1069056305;0
1799900535;-1070058996;53326314;-1069056306;0
1236950581;-1070058996;761961558;-1069056308;0
955475605;-1070058996;1611334291;-1069056310;0
955475605;-1070058996;1475544604;-1069056312;0
-1932116808;-1070058996;636067477;-1069056314;0
-806216901;-1070058996;-484884628;-1069056317;0
-243266948;-1070058996;-1183624267;-1069056319;0
319683006;-1070058995;-897201488;-1069056321;0
319683006;-1070058995;-47828756;-1069056323;0
38208029;-1070058995;-532988262;-1069056326;0
-2004959453;-1070058995;-1163833058;-1069056327;0
-1514852145;-1070058994;-2144047674;-1069056329;0
455472692;-1070058993;675649895;-1069056330;0
-1024744837;-1070058993;-1925519738;-1069056332;0
-1379062459;-1070058992;-935409517;-1069056334;0
1998637261;-1070058991;-367511762;-1069056336;0
1925794616;-1070058990;59648506;-1069056337;0
164102110;-1070058989;-1061303599;-1069056340;0
-1879065372;-1070058989;-493405843;-1069056342;0
935684395;-1070058988;778179355;-1069056343;0
1425791703;-1070058987;-2104465256;-1069056345;0
-408743448;-1070058986;-973617546;-1069056347;0
-272953762;-1070058984;16492674;-1069056348;0
707260855;-1070058981;-2021727006;-1069056350;0
280100587;-1070058979;938708052;-1069056351;0
978840227;-1070058977;-1099511628;-1069056353;0
-928537570;-1070058975;31336081;-1069056354;0
2022001883;-1070058972;739971325;-1069056356;0
677574041;-1070058969;-2142673285;-1069056358;0
459046105;-1070058966;-871088087;-1069056360;0
-40956808;-1070058964;119022134;-1069056361;0
-1385384651;-1070058961;1249869843;-1069056363;0
157779919;-1070058958;-2054987232;-1069056365;0
-2031072854;-1070058956;-1205614500;-1069056367;0
2045366506;-1070058953;-496979256;-1069056369;0
-779278866;-1070058950;-210556477;-1069056371;0
2098417942;-1070058946;-64871186;-1069056373;0
1807047360;-1070058942;221551593;-1069056374;0
952726825;-1070058938;1493136791;-1069056376;0
379881267;-1070058934;-1108032843;-1069056378;0
88510686;-1070058930;1007977285;-1069056379;0
78615081;-1070058926;-1170979884;-1069056381;0
631669430;-1070058922;945030244;-1069056382;0
-222651105;-1070058919;-811714459;-1069056384;0
-795496663;-1070058915;1726508134;-1069056385;0
-1931292174;-1070058911;-593186523;-1069056387;0
946404634;-1070058907;959873651;-1069056388;0
-752340831;-1070058904;-1500558494;-1069056390;0
-1252343744;-1070058901;-1990665802;-1069056391;0
1979670686;-1070058898;1673456697;-1069056392;0
1198192796;-1070058895;1042611901;-1069056393;0
-1344977599;-1070058892;-151182849;-1069056395;0
-1073398227;-1070058888;-1767190064;-1069056396;0
-874661500;-1070058883;1052507506;-1069056397;0
168500157;-1070058877;421662709;-1069056398;0
-1112980645;-1070058872;-209182087;-1069056400;0
1337555895;-1070058866;-136339442;-1069056401;0
-225399884;-1070058861;-1470871680;-1069056402;0
-26663157;-1070058856;1348825889;-1069056403;0
172073570;-1070058850;-126443837;-1069056405;0
1215235227;-1070058845;1848828802;-1069056406;0
288072046;-1070058840;-470865855;-1069056408;0
-76141180;-1070058836;237769390;-1069056409;0
1602813075;-1070058831;-1868345133;-1069056412;0
112699942;-1070058826;-1368342221;-1069056415;0
665754291;-1070058822;-23914378;-1069056418;0
-1668783773;-1070058818;-86861419;-1069056421;0
291645459;-1070058813;-2052238453;-1069056423;0
-1552785296;-1070058808;-285598145;-1069056426;0
1460701198;-1070058802;-562125320;-1069056428;0
1305120302;-1070058796;1413147320;-1069056429;0
1993964337;-1070058790;-1964552401;-1069056430;0
2119858418;-1070058784;-1260864959;-1069056430;0
-923314889;-1070058778;1413147320;-1069056429;0
1454379006;-1070058771;1199567186;-1069056428;0
663005512;-1070058764;1689674494;-1069056427;0
434581971;-1070058757;-1552235541;-1069056426;0
-1201216453;-1070058751;345246651;-1069056424;0
-1429639994;-1070058744;1398303913;-1069056423;0
2073953808;-1070058737;1888411221;-1069056422;0
1282580314;-1070058730;-1353498814;-1069056421;0
491206820;-1070058723;403245889;-1069056419;0
544258256;-1070058716;1737778128;-1069056418;0
34359738;-1070058709;-1644869395;-1069056417;0
-757013756;-1070058703;956300238;-1069056415;0
776255209;-1070058696;-596759936;-1069056414;0
902149291;-1070058690;383454680;-1069056411;0
183618442;-1070058684;378506878;-1069056409;0
590987500;-1070058678;655034052;-1069056407;0
998356558;-1070058672;650086250;-1069056405;0
1124250639;-1070058666;-199286483;-1069056404;0
1250144721;-1070058660;-1752346657;-1069056402;0
531613872;-1070058654;-980764372;-1069056401;0
-1312816884;-1070058649;-1898031947;-1069056400;0
-1186922802;-1070058643;1761142750;-1069056399;0
700663785;-1070058637;-1902979750;-1069056398;0
336450558;-1070058632;2105564767;-1069056396;0
-1716612529;-1070058628;-1772137866;-1069056394;0
2005509209;-1070058624;193239169;-1069056391;0
25288767;-1070058620;-1291926163;-1069056389;0
-1110506744;-1070058617;2080825756;-1069056386;0
1485715087;-1070058613;1017872889;-1069056383;0
68444599;-1070058609;-467292442;-1069056381;0
1538766523;-1070058606;1498084593;-1069056378;0
1247395942;-1070058602;-1816668087;-1069056376;0
2081925267;-1070058598;-1117928448;-1069056374;0
-534087773;-1070058594;284498634;-1069056371;0
-1179775977;-1070058589;1264713250;-1069056369;0
-699564273;-1070058584;1259765448;-1069056367;0
62122407;-1070058578;1114080157;-1069056365;0
-20615843;-1070058574;-438980017;-1069056364;0
-103354093;-1070058569;1036289709;-1069056362;0
-1666309872;-1070058563;963447064;-1069056361;0
429909046;-1070058556;-1501932884;-1069056361;0
1890335366;-1070058549;-1079720418;-1069056361;0
-1225680587;-1070058542;-516770465;-1069056361;0
-1172629151;-1070058535;186916977;-1069056360;0
2049489674;-1070058528;609129442;-1069056360;0
768008872;-1070058522;327654465;-1069056360;0
-513471930;-1070058517;-1642670372;-1069056361;0
738322058;-1070058510;822709575;-1069056361;0
-1178951343;-1070058504;-1710565215;-1069056362;0
1480217529;-1070058497;-511822663;-1069056363;0
970319012;-1070058490;405444913;-1069056363;0
-874111744;-1070058485;-1987092389;-1069056364;0
1013474843;-1070058479;-506874860;-1069056365;0
649261616;-1070058474;832605180;-1069056365;0
-840851517;-1070058470;-1841407099;-1069056366;0
1964002645;-1070058465;201760384;-1069056366;0
1036839465;-1070058460;-1909301942;-1069056367;0
-244641337;-1070058455;-710559389;-1069056368;0
-400222233;-1070058449;-919191721;-1069056369;0
570096779;-1070058442;1759768360;-1069056370;0
977465837;-1070058436;-1263613738;-1069056372;0
540409965;-1070058430;-554978494;-1069056374;0
-741070837;-1070058425;-550030692;-1069056376;0
865040773;-1070058419;17867064;-1069056377;0
500827546;-1070058414;1430189750;-1069056379;0
136614320;-1070058409;-748767419;-1069056381;0
-227598907;-1070058405;1930192663;-1069056382;0
-1436237064;-1070058400;314185448;-1069056383;0
-1237500337;-1070058395;-879609302;-1069056385;0
-1038763610;-1070058390;2080825756;-1069056386;0
567348000;-1070058384;324081052;-1069056387;0
567348000;-1070058384;324081052;-1069056387;0
47553878;-1070058373;683346477;-1069056390;0
-1796876878;-1070058368;1954931674;-1069056392;0
1216609616;-1070058362;-1209187913;-1069056394;0
-346346163;-1070058357;-922765134;-1069056396;0
1541240424;-1070058351;-917817331;-1069056398;0
-1147615261;-1070058346;-1757294459;-1069056400;0
-1230353511;-1070058341;1557458221;-1069056402;0
-750141808;-1070058336;999456070;-1069056404;0
-750141808;-1070058336;999456070;-1069056404;0
210281599;-1070058325;1431564139;-1069056408;0
971968279;-1070058320;1295774453;-1069056410;0
-1716887407;-1070058315;1019247279;-1069056412;0
-110775796;-1070058310;461245128;-1069056414;0
-1673731575;-1070058304;-378232000;-1069056417;0
1058279942;-1070058298;-1217709128;-1069056419;0
-786150814;-1070058293;-1916448767;-1069056421;0
-24464134;-1070058288;1679778889;-1069056423;0
737222546;-1070058282;2106939157;-1069056425;0
373009320;-1070058277;-1620130384;-1069056427;0
-1117103814;-1070058273;-348545186;-1069056429;0
561850442;-1070058268;1767464942;-1069056430;0
833429814;-1070058264;-411492227;-1069056432;0
-1782583227;-1070058260;1282305436;-1069056433;0
1022270936;-1070058255;-615176756;-1069056435;0
-186367221;-1070058251;2063783325;-1069056436;0
1138269413;-1070058245;1010726064;-1069056437;0
-424686366;-1070058240;802093732;-1069056438;0
1462900221;-1070058234;1437886331;-1069056439;0
-100055558;-1070058229;-1517600924;-1069056440;0
98681169;-1070058223;-37383395;-1069056441;0
2059110401;-1070058219;2146521575;-1069056441;0
641839913;-1070058215;598409203;-1069056441;0
-1901330482;-1070058212;-1231178145;-1069056442;0
-712483535;-1070058209;1515676779;-1069056442;0
-649536494;-1070058206;389776872;-1069056442;0
-1649542320;-1070058200;-1299072988;-1069056443;0
-1586595279;-1070058197;-1862022942;-1069056443;0
1291101529;-1070058193;1307044448;-1069056443;0
155306017;-1070058189;-1085492855;-1069056444;0
145410413;-1070058185;-27487791;-1069056445;0
416989785;-1070058181;608304808;-1069056445;0
407094180;-1070058177;1103359918;-1069056446;0
-520069000;-1070058173;-231172320;-1069056448;0
-1165757203;-1070058168;1462625343;-1069056449;0
-404070523;-1070058163;-857069314;-1069056451;0
-278176442;-1070058157;695990860;-1069056452;0
1818042477;-1070058150;1545363593;-1069056454;0
182244052;-1070058143;-1478018506;-1069056456;0
798245442;-1070058136;-1050858238;-1069056458;0
-1119027959;-1070058130;-1468122901;-1069056460;0
1258665936;-1070058123;1142942337;-1069056462;0
467292442;-1070058116;-1244647163;-1069056465;0
311711546;-1070058110;1507155564;-1069056467;0
-688294279;-1070058105;-36009006;-1069056470;0
1480767285;-1070058099;-594011157;-1069056472;0
199286483;-1070058093;-729800843;-1069056474;0
-1082194320;-1070058088;823259331;-1069056475;0
-1082194320;-1070058088;823259331;-1069056475;0
-476088535;-1070058077;-16217797;-1069056478;0
285598145;-1070058071;901049779;-1069056478;0
202859895;-1070058066;-1632225011;-1069056479;0
1527496529;-1070058061;551679959;-1069056479;0
1726233256;-1070058056;270204983;-1069056479;0
1080545052;-1070058051;1818317354;-1069056479;0
1279281779;-1070058046;1886212197;-1069056478;0
915068552;-1070058041;-229797930;-1069056477;0
-1137994535;-1070058037;-1923595593;-1069056475;0
739696448;-1070058027;-312536180;-1069056472;0
656958198;-1070058022;-2147071331;-1069056470;0
855694924;-1070058017;735573279;-1069056468;0
-2114635738;-1070058012;-1239699360;-1069056467;0
335900802;-1070058006;517045343;-1069056465;0
-2071479907;-1070058001;1288627628;-1069056464;0
2067906494;-1070057995;1075047494;-1069056463;0
-975266814;-1070057989;-686645012;-1069056463;0
276527174;-1070057982;1846629779;-1069056462;0
1246846186;-1070057976;-337275192;-1069056462;0
-1796327122;-1070057970;1633049645;-1069056461;0
-826008110;-1070057964;-410117837;-1069056461;0
-981589006;-1070057958;1982419465;-1069056460;0
-855694924;-1070057952;502201936;-1069056459;0
1240523994;-1070057945;-1822440523;-1069056459;0
449150500;-1070057938;-978015593;-1069056459;0
-60748017;-1070057932;-415065639;-1069056459;0
836728349;-1070057924;429359291;-1069056458;0
-1434862674;-1070057917;147884314;-1069056458;0
-2017603837;-1070057909;-415065639;-1069056459;0
1413147320;-1070057901;-1400228058;-1069056459;0
1393356110;-1070057893;1768839331;-1069056459;0
-315284959;-1070057886;783676913;-1069056459;0
-335076169;-1070057878;-201485506;-1069056460;0
-73392401;-1070057870;-1468122901;-1069056460;0
-374658587;-1070057862;1137994535;-1069056460;0
168500157;-1070057853;-269380349;-1069056461;0
711658901;-1070057845;-1395280256;-1069056461;0
-1914249744;-1070057837;1351574668;-1069056461;0
-1089616023;-1070057829;225674762;-1069056461;0
2059660157;-1070057821;-196537703;-1069056462;0
913969041;-1070057813;-618750169;-1069056462;0
331227878;-1070057805;-1040962634;-1069056462;0
1791654197;-1070057798;-1603912587;-1069056462;0
-1042886779;-1070057791;1987367267;-1069056462;0
699014517;-1070057783;1424417314;-1069056462;0
1877965860;-1070057776;861467360;-1069056462;0
-2082475023;-1070057769;-264432546;-1069056463;0
1984068732;-1070057762;-1108857477;-1069056463;0
348270308;-1070057755;-1108857477;-1069056463;0
-1569003093;-1070057749;-1108857477;-1069056463;0
808690802;-1070057742;-1390332453;-1069056463;0
-827107622;-1070057736;-1812544918;-1069056463;0
2113536226;-1070057729;-1812544918;-1069056463;0
1040687756;-1070057722;2060209913;-1069056463;0
-313635692;-1070057716;1356522471;-1069056463;0
-1949434116;-1070057709;512097541;-1069056463;0
1554159686;-1070057702;-191589901;-1069056464;0
1325736145;-1070057695;-613802366;-1069056464;0
1097312605;-1070057688;-1176752320;-1069056464;0
587414087;-1070057681;-2021177250;-1069056464;0
-1329859314;-1070057675;1710840093;-1069056464;0
-78065326;-1070057669;1570102604;-1069056464;0
47828756;-1070057662;1992315070;-1069056464;0
47828756;-1070057662;1992315070;-1069056464;0
-1389232942;-1070057651;2133052558;-1069056464;0
-981863884;-1070057645;725677674;-1069056464;0
-293019849;-1070057639;-822434698;-1069056465;0
-448600744;-1070057633;-1244647163;-1069056465;0
-1730081546;-1070057627;-1526122139;-1069056465;0
1564879924;-1070057621;-1807597116;-1069056465;0
564874099;-1070057615;-2089072093;-1069056465;0
127818227;-1070057609;-2089072093;-1069056465;0
816662262;-1070057603;-1948334604;-1069056465;0
2068456250;-1070057597;-2089072093;-1069056465;0
-411767105;-1070057591;1642945250;-1069056465;0
1121501860;-1070057584;1502207761;-1069056465;0
611603343;-1070057577;657782831;-1069056465;0
-461245128;-1070057571;517045343;-1069056465;0
-1815568575;-1070057564;376307855;-1069056465;0
1969500203;-1070057557;657782831;-1069056465;0
-1427990727;-1070057550;1361470273;-1069056465;0
-176196738;-1070057544;1502207761;-1069056465;0
-2093470139;-1070057537;1220732785;-1069056465;0
-278726198;-1070057531;657782831;-1069056465;0
1254542767;-1070057524;-45904610;-1069056466;0
-2070105517;-1070057518;-1031067029;-1069056466;0
-255361576;-1070057512;-2016229447;-1069056466;0
-1891160000;-1070057505;1152837942;-1069056466;0
486533895;-1070057498;-676749407;-1069056467;0
-23364622;-1070057492;1084943099;-1069056467;0
-533263139;-1070057485;-1026119227;-1069056468;0
1844430756;-1070057478;1298523232;-1069056468;0
-1761692506;-1070057472;-531064116;-1069056469;0
1814743942;-1070057466;1793578343;-1069056469;0
-1791379320;-1070057460;-317483983;-1069056470;0
304839599;-1070057453;1444208523;-1069056470;0
430733680;-1070057447;-1511278732;-1069056471;0
1682527668;-1070057441;-594011157;-1069056472;0
-1923595593;-1070057435;463993907;-1069056472;0
526940948;-1070057429;1662736459;-1069056473;0
2133052558;-1070057424;-1152013308;-1069056474;0
361464448;-1070057419;1031891663;-1069056474;0
1477468750;-1070057415;-1501383128;-1069056475;0
-2118758907;-1070057413;2022001883;-1069056476;0
-2118758907;-1070057413;2022001883;-1069056476;0
-148434070;-1070057413;-2132227924;-1069056476;0
904623192;-1070057411;1177576953;-1069056476;0
-304014965;-1070057407;1672632064;-1069056477;0
40407052;-1070057403;-1282855192;-1069056478;0
-1658338413;-1070057400;-647062593;-1069056479;0
1500833372;-1070057396;692417448;-1069056479;0
1490937767;-1070057392;-1559382366;-1069056480;0
-1125075273;-1070057388;343047628;-1069056480;0
553878982;-1070057383;-1205064744;-1069056481;0
-654759174;-1070057379;-1908752186;-1069056481;0
106927506;-1070057373;2104740133;-1069056481;0
1994514093;-1070057368;-1064327256;-1069056481;0
-694341593;-1070057363;1609685023;-1069056480;0
-214129890;-1070057358;551679959;-1069056479;0
620399436;-1070057353;-787800081;-1069056479;0
-1714138628;-1070057349;-1986542633;-1069056478;0
-35184372;-1070057345;1109682110;-1069056477;0
-2088247459;-1070057340;333152023;-1069056476;0
1279556657;-1070057335;-1710015459;-1069056476;0
-773506430;-1070057331;682521843;-1069056475;0
269655227;-1070057325;-2064333081;-1069056475;0
468391953;-1070057320;1949159238;-1069056475;0
385653703;-1070057315;1667684261;-1069056475;0
584390430;-1070057310;-1642120616;-1069056475;0
1700394732;-1070057306;1949159238;-1069056475;0
-1478568261;-1070057302;1526946773;-1069056475;0
481860971;-1070057297;682521843;-1069056475;0
-726777186;-1070057293;119571890;-1069056475;0
-1090990413;-1070057288;-443378064;-1069056476;0
1995338727;-1070057283;119571890;-1069056475;0
1068175546;-1070057278;963996820;-1069056475;0
-421937587;-1070057274;1808421750;-1069056475;0
694066715;-1070057269;-1501383128;-1069056475;0
1528596041;-1070057265;-656958198;-1069056475;0
1518700436;-1070057261;46729244;-1069056474;0
1508804831;-1070057257;46729244;-1069056474;0
2061859180;-1070057253;328204221;-1069056474;0
-1117103814;-1070057249;468941709;-1069056474;0
843325419;-1070057244;891154174;-1069056474;0
-1209737668;-1070057240;1454104128;-1069056474;0
750691564;-1070057235;1876316593;-1069056474;0
1793853221;-1070057230;-1855700750;-1069056474;0
1711114971;-1070057225;114624087;-1069056473;0
-133315785;-1070057220;1803473947;-1069056473;0
-1977746540;-1070057214;1521998971;-1069056473;0
-444477576;-1070057208;818311529;-1069056473;0
1088791389;-1070057201;396099064;-1069056473;0
-1037114343;-1070057196;-589063355;-1069056474;0
-556902639;-1070057191;-729800843;-1069056474;0
767733994;-1070057185;-448325866;-1069056474;0
1810895651;-1070057180;-729800843;-1069056474;0
-596485058;-1070057175;-26113401;-1069056474;0
-116273355;-1070057170;1240523994;-1069056473;0
1489838256;-1070057164;-802643488;-1069056473;0
1125625029;-1070057159;-453273669;-1069056472;0
1605836732;-1070057154;-103903849;-1069056471;0
960148529;-1070057149;104728483;-1069056469;0
1721835209;-1070057144;31885837;-1069056468;0
-1248495453;-1070057139;240518169;-1069056467;0
-1612708680;-1070057134;1997262872;-1069056466;0
910670506;-1070057129;303465209;-1069056464;0
-1423867558;-1070057125;-123695058;-1069056463;0
818036651;-1070057120;152832116;-1069056460;0
453823424;-1070057115;1133046732;-1069056458;0
-191864779;-1070057111;-1478018506;-1069056456;0
-837552982;-1070057106;909570994;-1069056453;0
1967301180;-1070057101;-716331825;-1069056451;0
195713070;-1070057096;2093470139;-1069056448;0
1874667325;-1070057092;-376857610;-1069056446;0
1864771721;-1070057088;884831982;-1069056443;0
-751241320;-1070057084;-2007708232;-1069056441;0
1490662889;-1070057079;-1308968593;-1069056439;0
-1406825128;-1070057075;-1032441418;-1069056437;0
-290820826;-1070057071;-192964291;-1069056435;0
543708500;-1070057066;505775349;-1069056432;0
1941187779;-1070057062;1204514988;-1069056430;0
-956300238;-1070057058;2043992116;-1069056428;0
1848553924;-1070057053;-1270760564;-1069056426;0
76965814;-1070057048;553878982;-1069056423;0
2037395046;-1070057044;-1916448767;-1069056421;0
-297143017;-1070057040;-91809221;-1069056419;0
-1505781174;-1070057035;1592092837;-1069056416;0
2143497918;-1070057030;-1581922354;-1069056414;0
-1952732651;-1070057025;-460970250;-1069056412;0
1696546442;-1070057020;237769390;-1069056409;0
1895283168;-1070057015;1780933959;-1069056407;0
1531069942;-1070057010;-830131279;-1069056405;0
885381738;-1070057005;290820826;-1069056402;0
-1449156325;-1070057001;567348000;-1069056400;0
-1177576953;-1070056997;1406825128;-1069056398;0
-905997581;-1070056993;-1907927552;-1069056396;0
-352943233;-1070056989;-927712936;-1069056394;0
-925788791;-1070056985;-88235808;-1069056392;0
1951908017;-1070056981;610503831;-1069056389;0
816112506;-1070056977;1309243471;-1069056387;0
-601157982;-1070056974;1867245622;-1069056385;0
1713588872;-1070056970;2143772796;-1069056383;0
859268337;-1070056966;-1733929837;-1069056381;0
4947802;-1070056962;-612977732;-1069056379;0
-1130847709;-1070056959;226499395;-1069056376;0
-1985168244;-1070056955;1488188988;-1069056374;0
1455478517;-1070056951;-1685826203;-1069056372;0
882632959;-1070056947;-1550036517;-1069056370;0
-1379062459;-1070056944;-1132771855;-1069056368;0
1498634349;-1070056940;-293294727;-1069056366;0
925788791;-1070056936;1109132355;-1069056363;0
1197368163;-1070056932;-2064882837;-1069056361;0
-1137169901;-1070056928;-1366143198;-1069056359;0
-302640576;-1070056924;1938713878;-1069056357;0
250413773;-1070056919;948603657;-1069056355;0
-1729806668;-1070056916;-182244052;-1069056354;0
-1666859628;-1070056913;-327929343;-1069056352;0
-1885387564;-1070056910;-1318039564;-1069056350;0
-1540965546;-1070056907;-1745199831;-1069056348;0
-70643622;-1070056904;996707291;-1069056346;0
1681153279;-1070056900;-837827860;-1069056345;0
-1706442046;-1070056897;1481866796;-1069056343;0
2088522337;-1070056894;69544110;-1069056341;0
1025569471;-1070056891;-1202041087;-1069056340;0
1369991488;-1070056888;2102815988;-1069056338;0
-2017603837;-1070056885;831230791;-1069056336;0
-265806936;-1070056882;-440354407;-1069056335;0
-1401602448;-1070056878;-1148989651;-1069056333;0
1194619384;-1070056874;-2139099872;-1069056331;0
-1911500965;-1070056871;1306494692;-1069056329;0
1601988442;-1070056868;316384471;-1069056327;0
-23914378;-1070056866;-1236675703;-1069056326;0
2082200145;-1070056863;660806488;-1069056324;0
-1941187779;-1070056859;233646221;-1069056322;0
1082194320;-1070056857;-1668783773;-1069056322;0
2125355976;-1070056852;-474989023;-1069056321;0
-1470871680;-1070056850;1354598325;-1069056320;0
-1480767285;-1070056846;2126180610;-1069056319;0
-782027645;-1070056844;645963081;-1069056318;0
333976657;-1070056839;1136070389;-1069056317;0
751241320;-1070056837;-1329309558;-1069056317;0
-1020346791;-1070056833;-2105839645;-1069056316;0
1648717686;-1070056830;-276252296;-1069056316;0
1357347104;-1070056826;2116285006;-1069056315;0
503026570;-1070056822;-489832430;-1069056315;0
-1195718895;-1070056819;776804965;-1069056314;0
1963452889;-1070056815;1761967384;-1069056314;0
546182401;-1070056811;1199017430;-1069056314;0
-308138134;-1070056808;-912044895;-1069056315;0
-599508715;-1070056804;708910122;-1069056315;0
-1735304227;-1070056800;-2105839645;-1069056316;0
-337824948;-1070056796;-907097093;-1069056317;0
-1546463104;-1070056791;-412041983;-1069056318;0
1539866035;-1070056786;-57724360;-1069056319;0
1738602761;-1070056781;15118285;-1069056319;0
1655864511;-1070056776;228698419;-1069056320;0
1291651285;-1070056771;-261408890;-1069056322;0
1208913035;-1070056766;-892253686;-1069056323;0
844699808;-1070056761;-2086048436;-1069056324;0
480486581;-1070056756;1015124110;-1069056325;0
-446676599;-1070056752;243541826;-1069056326;0
33535105;-1070056746;-387302971;-1069056328;0
232271831;-1070056741;-314460326;-1069056329;0
993958512;-1070056736;-382355169;-1069056330;0
-214679645;-1070056732;-450250012;-1069056331;0
1464274610;-1070056727;-1503307273;-1069056332;0
2017328959;-1070056723;2020077738;-1069056333;0
-598684081;-1070056719;1107757965;-1069056334;0
163002599;-1070056713;758388145;-1069056335;0
361739326;-1070056708;690493302;-1069056336;0
841951029;-1070056703;341123483;-1069056337;0
759212779;-1070056698;-289721314;-1069056339;0
-167950401;-1070056694;-1483516064;-1069056340;0
-1939538511;-1070056689;1758393971;-1069056341;0
583840674;-1070056684;1690499128;-1069056342;0
1345527354;-1070056679;1481866796;-1069056343;0
-1343328331;-1070056674;1836184418;-1069056344;0
1388683186;-1070056668;-1822990279;-1069056345;0
388677360;-1070056662;-624247727;-1069056346;0
-1455753395;-1070056657;855969802;-1069056346;0
713308169;-1070056651;-1677304988;-1069056347;0
-568172634;-1070056646;-197087459;-1069056348;0
-1286703482;-1070056640;1705342535;-1069056348;0
2008257988;-1070056634;-968669744;-1069056349;0
726777186;-1070056628;230072808;-1069056349;0
-836178593;-1070056623;1288077872;-1069056350;0
1405725616;-1070056618;-1808146872;-1069056351;0
342772750;-1070056615;-541509477;-1069056351;0
342772750;-1070056615;-541509477;-1069056351;0
1468672657;-1070056615;-822984453;-1069056351;0
832880058;-1070056614;-1667409384;-1069056351;0
1104459430;-1070056610;657233076;-1069056351;0
-1302921279;-1070056605;1715238139;-1069056352;0
448875622;-1070056601;-677299163;-1069056353;0
-405444913;-1070056598;1506605808;-1069056353;0
429084413;-1070056593;-1167406471;-1069056354;0
1826563692;-1070056589;1297973477;-1069056354;0
54975581;-1070056584;-1235301314;-1069056355;0
-1998087506;-1070056580;104178727;-1069056355;0
243816703;-1070056575;1725133744;-1069056356;0
-683346477;-1070056571;-1371091000;-1069056357;0
349919576;-1070056561;-1298248354;-1069056358;0
-858718581;-1070056557;1167131593;-1069056358;0
-2067356738;-1070056552;463444151;-1069056358;0
1581922354;-1070056547;1026394105;-1069056358;0
91809221;-1070056542;2011556523;-1069056358;0
-272404006;-1070056538;390601506;-1069056357;0
-2043992116;-1070056533;-526666070;-1069056357;0
1042337023;-1070056528;-1443933645;-1069056356;0
-166301134;-1070056524;2074503564;-1069056355;0
2075603075;-1070056519;1860923430;-1069056354;0
-1384834895;-1070056515;1647343296;-1069056353;0
12644384;-1070056510;589338232;-1069056352;0
1973073616;-1070056506;-1735304227;-1069056352;0
-2050314308;-1070056502;657233076;-1069056351;0
-861467360;-1070056499;-682246965;-1069056351;0
-1642945250;-1070056496;2132502802;-1069056350;0
1724858866;-1070056491;1283130070;-1069056348;0
-1871368790;-1070056489;1069549936;-1069056347;0
2132227924;-1070056485;-483510238;-1069056346;0
1986542633;-1070056483;-1400777814;-1069056345;0
-347995430;-1070056479;918916843;-1069056343;0
-775155698;-1070056477;-1405725616;-1069056343;0
2102541110;-1070056473;-1546463104;-1069056343;0
1821066134;-1070056473;-1405725616;-1069056343;0
132216273;-1070056473;-1124250639;-1069056343;0
-430733680;-1070056474;-983513151;-1069056343;0
-993683634;-1070056474;-842775663;-1069056343;0
-1275158610;-1070056474;-702038174;-1069056343;0
-1838108564;-1070056474;-420563198;-1069056343;0
-430733680;-1070056474;-420563198;-1069056343;0
1811170529;-1070056469;846074198;-1069056342;0
1311167616;-1070056466;1268286663;-1069056342;0
-2076427709;-1070056463;1409024151;-1069056342;0
801269099;-1070056459;705336709;-1069056342;0
155580895;-1070056454;142386756;-1069056342;0
-490107308;-1070056450;1649267;-1069056342;0
-854320535;-1070056445;-842775663;-1069056343;0
-19791209;-1070056441;-2109413058;-1069056343;0
-592636767;-1070056437;1200391820;-1069056343;0
-2019802860;-1070056429;1836184418;-1069056344;0
-1748223488;-1070056425;710284512;-1069056344;0
-913694163;-1070056421;-134140419;-1069056345;0
202310140;-1070056416;-1963727767;-1069056345;0
1599789418;-1070056412;1205339622;-1069056345;0
-1860648552;-1070056408;-624247727;-1069056346;0
-1380436849;-1070056403;-1187197680;-1069056346;0
1351574668;-1070056397;1559657244;-1069056346;0
633043820;-1070056391;715232314;-1069056346;0
-1366967831;-1070056380;-692142570;-1069056347;0
1083568709;-1070056374;-1677304988;-1069056347;0
-688019401;-1070056370;1210287424;-1069056347;0
-1896657558;-1070056365;84387517;-1069056347;0
-1697920831;-1070056360;-478562436;-1069056348;0
189665756;-1070056354;-337824948;-1069056348;0
2077252343;-1070056349;-900774901;-1069056348;0
-1174553296;-1070056344;2127555000;-1069056348;0
150083337;-1070056338;16492674;-1069056348;0
829031767;-1070056328;-51402169;-1069056350;0
-98131413;-1070056324;162177965;-1069056350;0
-180869663;-1070056319;-1453829250;-1069056352;0
2061034546;-1070056314;-41506564;-1069056354;0
-836453471;-1070056310;385653703;-1069056355;0
-846349075;-1070056306;1235026436;-1069056357;0
1677030110;-1070056301;2084399168;-1069056359;0
-376032977;-1070056297;-94558000;-1069056361;0
104178727;-1070056291;-1006877773;-1069056362;0
584390430;-1070056286;-511822663;-1069056363;0
-624247727;-1070056282;686919889;-1069056363;0
-1269935930;-1070056277;-2127829878;-1069056364;0
-435406605;-1070056273;-788349837;-1069056365;0
753440343;-1070056269;1254817645;-1069056365;0
-1935415343;-1070056264;-1700669610;-1069056366;0
525016802;-1070056262;1046185314;-1069056366;0
1369441732;-1070056262;1327660291;-1069056366;0
-600883105;-1070056263;1327660291;-1069056366;0
1442284378;-1070056263;1327660291;-1069056366;0
-736672791;-1070056265;1186922802;-1069056366;0
-1018147767;-1070056265;1186922802;-1069056366;0
670702093;-1070056264;1327660291;-1069056366;0
-1653940366;-1070056264;1468397779;-1069056366;0
2141024017;-1070056261;623972849;-1069056366;0
2131128413;-1070056257;-1487089477;-1069056367;0
-557727273;-1070056252;1822715401;-1069056367;0
-1557733099;-1070056246;556078006;-1069056367;0
-1713313994;-1070056240;-288346924;-1069056368;0
-1868894889;-1070056234;556078006;-1069056367;0
1707541558;-1070056228;1822715401;-1069056367;0
989010709;-1070056222;-1205614500;-1069056367;0
-1136895023;-1070056217;623972849;-1069056366;0
750691564;-1070056211;-996982168;-1069056366;0
949428291;-1070056206;1958505087;-1069056365;0
-2020902372;-1070056201;1041237512;-1069056364;0
711109145;-1070056195;-298242529;-1069056364;0
2035745779;-1070056190;-511822663;-1069056363;0
1953007529;-1070056185;1807871994;-1069056361;0
-663005512;-1070056181;958499262;-1069056359;0
1015948744;-1070056176;672076482;-1069056357;0
2131953046;-1070056172;-177296250;-1069056356;0
-765534971;-1070056168;-1026668982;-1069056354;0
-212480622;-1070056164;-1735304227;-1069056352;0
-503851203;-1070056160;1710290337;-1069056350;0
612153099;-1070056155;720180116;-1069056348;0
883732471;-1070056151;-692142570;-1069056347;0
1718261796;-1070056147;-1400777814;-1069056345;0
791098616;-1070056142;2044816750;-1069056343;0
426885389;-1070056137;913969041;-1069056341;0
1751522023;-1070056132;-1202041087;-1069056340;0
751516198;-1070056126;132491151;-1069056338;0
-1092914558;-1070056121;-221826471;-1069056338;0
-1529970430;-1070056115;1748498366;-1069056337;0
1764991040;-1070056109;-1702044000;-1069056337;0
1327935168;-1070056103;-2124256465;-1069056337;0
-1152288186;-1070056097;1326285901;-1069056337;0
99505802;-1070056090;481860971;-1069056337;0
1914249744;-1070056084;-784776424;-1069056338;0
-1410398541;-1070056078;-2051413820;-1069056338;0
-1565979436;-1070056072;1962078500;-1069056338;0
2010457011;-1070056066;-925513913;-1069056338;0
-115448721;-1070056061;-1702044000;-1069056337;0
-198186971;-1070056056;195438192;-1069056335;0
1679504011;-1070056046;1874392447;-1069056331;0
1106658453;-1070056042;-877410279;-1069056329;0
1941187779;-1070056038;1791654197;-1069056326;0
1368342221;-1070056034;-256461087;-1069056324;0
1358446616;-1070056030;-2023101395;-1069056321;0
504126081;-1070056026;364488105;-1069056318;0
775705453;-1070056022;-1683627180;-1069056316;0
1328759802;-1070056018;-140462610;-1069056314;0
-1287253238;-1070056014;-4672924;-1069056312;0
954650971;-1070056009;271854250;-1069056309;0
-1661362070;-1070056005;-155306017;-1069056308;0
934859762;-1070056001;1247121064;-1069056305;0
-1889785610;-1070055998;-378781756;-1069056303;0
-419463686;-1070055995;-1723209599;-1069056300;0
1613808192;-1070055991;945854878;-1069056297;0
-647887227;-1070055988;-1524472872;-1069056295;0
540959721;-1070055984;-403520767;-1069056293;0
1729806668;-1070055981;-126993593;-1069056291;0
2074228686;-1070055978;8796093;-1069056288;0
2137175726;-1070055975;566798244;-1069056286;0
-1813369552;-1070055972;-2044266994;-1069056284;0
-1750422511;-1070055969;-78889959;-1069056282;0
1374390;-1070055965;-1986267756;-1069056279;0
-1415896099;-1070055962;823534209;-1069056276;0
-1988741657;-1070055958;-380156145;-1069056274;0
-872737355;-1070055954;-1302371523;-1069056271;0
243266948;-1070055949;-2083849413;-1069056268;0
796321296;-1070055945;725952552;-1069056265;0
1349375645;-1070055941;-477737802;-1069056263;0
1339480041;-1070055937;-1399953180;-1069056260;0
-2120957930;-1070055933;1269111296;-1069056257;0
-723478651;-1070055929;-497529012;-1069056255;0
1236950581;-1070055924;2030797977;-1069056252;0
-816112506;-1070055920;545632645;-1069056249;0
581366773;-1070055915;-1361745151;-1069056247;0
1415896099;-1070055911;-100055558;-1069056245;0
1406000494;-1070055907;598684081;-1069056242;0
-2054437476;-1070055903;734473767;-1069056240;0
1104734308;-1070055899;1996163360;-1069056238;0
-875486134;-1070055896;-896376855;-1069056236;0
1439260721;-1070055892;787525203;-1069056233;0
-1385384651;-1070055889;1627002331;-1069056231;0
-1958230209;-1070055885;-1969225325;-1069056229;0
-279275953;-1070055881;-1270485686;-1069056227;0
273778395;-1070055876;-1838383442;-1069056225;0
-2060759668;-1070055872;2029423587;-1069056223;0
-100330436;-1070055868;757838389;-1069056221;0
-1871918546;-1070055863;-1358171738;-1069056220;0
369985663;-1070055858;-23639500;-1069056219;0
-1964552401;-1070055854;1451630227;-1069056217;0
840301762;-1070055849;-664379901;-1069056216;0
-2057186256;-1070055845;670152337;-1069056214;0
-1858449529;-1070055840;1582472110;-1069056213;0
-1096762849;-1070055835;-1940912901;-1069056212;0
1635248668;-1070055829;-887855639;-1069056211;0
-209182087;-1070055824;305939110;-1069056209;0
1678404500;-1070055818;1358996372;-1069056208;0
-728976209;-1070055813;-1601438686;-1069056207;0
1721560331;-1070055807;436780994;-1069056205;0
-1248770331;-1070055802;-1116279180;-1069056204;0
-768558628;-1070055797;-1402701959;-1069056202;0
65970698;-1070055792;-2111337203;-1069056200;0
1463449977;-1070055788;-1834810029;-1069056198;0
327654465;-1070055784;-1839757831;-1069056196;0
1235026436;-1070055781;1746574221;-1069056194;0
172073570;-1070055778;52776558;-1069056192;0
870813209;-1070055776;965096331;-1069056191;0
1569552849;-1070055774;751516198;-1069056190;0
-56349971;-1070055772;678673552;-1069056189;0
-274877907;-1070055769;605830907;-1069056188;0
69544110;-1070055765;673725750;-1069056187;0
1258391058;-1070055762;882358081;-1069056186;0
1602813075;-1070055759;528040459;-1069056185;0
-1503307273;-1070055756;32985349;-1069056184;0
-314460326;-1070055753;-743544738;-1069056184;0
1155861599;-1070055749;-1660812314;-1069056183;0
-1105833820;-1070055746;1857624895;-1069056182;0
927438058;-1070055742;799619831;-1069056181;0
-208357453;-1070055739;304564721;-1069056180;0
-1344152965;-1070055735;90984587;-1069056179;0
53326314;-1070055730;581091895;-1069056178;0
-1436786820;-1070055726;1634149157;-1069056177;0
169324791;-1070055720;-1326285901;-1069056176;0
1493961424;-1070055715;-273228640;-1069056175;0
-2039319192;-1070055710;920566110;-1069056173;0
-996157535;-1070055705;1692148395;-1069056172;0
-234470855;-1070055700;-1409024151;-1069056171;0
-598684081;-1070055695;-74491913;-1069056170;0
1924695104;-1070055690;1119302837;-1069056168;0
-1817217843;-1070055686;-1137444779;-1069056167;0
216054035;-1070055682;1041512389;-1069056165;0
-1691323761;-1070055680;-1496710203;-1069056164;0
1895008290;-1070055678;-1710290337;-1069056163;0
-1138269413;-1070055676;-1783132982;-1069056162;0
404895157;-1070055673;1240249116;-1069056160;0
-939532686;-1070055671;2079726244;-1069056158;0
812264215;-1070055667;1298248354;-1069056155;0
1646793541;-1070055663;-1807871994;-1069056152;0
438155384;-1070055658;-478287558;-1069056149;0
1199842064;-1070055653;569821901;-1069056145;0
-1489013622;-1070055648;1617931360;-1069056142;0
961522918;-1070055642;-1769663965;-1069056139;0
-1164382814;-1070055637;-580817017;-1069056136;0
1567628703;-1070055631;467292442;-1069056132;0
-558277029;-1070055626;1093189436;-1069056129;0
1610784535;-1070055620;1719086430;-1069056126;0
-1922496081;-1070055615;1219083517;-1069056123;0
-34909494;-1070055610;859818093;-1069056120;0
1852677093;-1070055604;922765134;-1069056117;0
8246337;-1070055598;1548662128;-1069056114;0
1895832924;-1070055593;2033821633;-1069056111;0
51402169;-1070055587;-1775986157;-1069056108;0
1657513779;-1070055582;-1009351674;-1069056105;0
376032977;-1070055576;179495273;-1069056101;0
-905447825;-1070055571;1649817197;-1069056098;0
-1905453651;-1070055565;-1737778128;-1069056095;0
826557866;-1070055559;-1252618622;-1069056092;0
-1299347866;-1070055554;-1752621535;-1069056089;0
-537661186;-1070055549;1479392895;-1069056086;0
-901874413;-1070055544;-568722389;-1069056084;0
-703137686;-1070055539;974442180;-1069056081;0
1184448901;-1070055533;547281913;-1069056079;0
747393029;-1070055527;1318864198;-1069056078;0
-2014305302;-1070055521;-1287253238;-1069056078;0
-481036337;-1070055515;1037389221;-1069056078;0
207807698;-1070055508;-224300372;-1069056081;0
-1636623058;-1070055503;-1694622296;-1069056084;0
-30511448;-1070055498;144860657;-1069056087;0
-1030517273;-1070055492;1421393657;-1069056091;0
221276715;-1070055485;936234151;-1069056094;0
1963178011;-1070055478;1014024599;-1069056097;0
1098961872;-1070055470;-2077252343;-1069056100;0
-119571890;-1070055462;-169874546;-1069056103;0
-493680721;-1070055453;-1713039116;-1069056105;0
258110355;-1070055443;-2130303779;-1069056107;0
1572851384;-1070055434;-2125355976;-1069056109;0
-1125899907;-1070055425;-1838933197;-1069056111;0
-374108831;-1070055416;1898031947;-1069056113;0
-1311167616;-1070055407;-67345087;-1069056116;0
639366012;-1070055398;10445360;-1069056118;0
-506325105;-1070055391;-2022826517;-1069056122;0
-171798692;-1070055384;1156136477;-1069056126;0
-963172186;-1070055377;-1789455174;-1069056131;0
-1473070703;-1070055370;-1284504459;-1069056136;0
-857069314;-1070055363;-920291232;-1069056141;0
1166306959;-1070055355;-556078006;-1069056146;0
-1668234017;-1070055348;511822663;-1069056150;0
73667279;-1070055340;1720460820;-1069056155;0
73667279;-1070055340;1720460820;-1069056155;0
388402483;-1070055325;-16492674;-1069056165;0
-475813657;-1070055318;488458041;-1069056169;0
-1058554820;-1070055310;1415621221;-1069056174;0
-796871052;-1070055302;2061309424;-1069056179;0
-796871052;-1070055302;2061309424;-1069056179;0
-1680878401;-1070055286;-1083018953;-1069056189;0
-783402035;-1070055279;547831669;-1069056193;0
1239974238;-1070055271;2037944802;-1069056198;0
730075721;-1070055264;1344152965;-1069056202;0
-624247727;-1070055258;1494786058;-1069056206;0
1471971192;-1070055251;1786156639;-1069056210;0
1597865273;-1070055245;1514577267;-1069056214;0
-1372465389;-1070055240;1242997895;-1069056218;0
-2018153593;-1070055235;-295218872;-1069056223;0
1985443122;-1070055231;-285323267;-1069056227;0
-1474994849;-1070055227;-1823540035;-1069056231;0
-77515570;-1070055223;370260541;-1069056235;0
-1004678750;-1070055218;1860373674;-1069056240;0
2081650389;-1070055213;-1929642907;-1069056245;0
1998912139;-1070055208;-1987642145;-1069056250;0
-1252893500;-1070055203;-2045641383;-1069056255;0
1197643041;-1070055197;1628376721;-1069056260;0
-1491212645;-1070055192;-1457952418;-1069056265;0
677848919;-1070055186;32160715;-1069056269;0
-40681930;-1070055181;-1506056052;-1069056274;0
1211112058;-1070055174;-1073947982;-1069056278;0
1264163494;-1070055167;-1840582465;-1069056281;0
1244372285;-1070055159;-636892110;-1069056284;0
-818586407;-1070055151;2114910616;-1069056286;0
-1474170215;-1070055142;1416170977;-1069056288;0
-1566804070;-1070055133;295218872;-1069056290;0
1228154488;-1070055124;1358171738;-1069056293;0
645413326;-1070055116;1013749721;-1069056296;0
2105839645;-1070055109;1727332767;-1069056300;0
1032991174;-1070055102;329853488;-1069056304;0
-39857297;-1070055096;-2052788209;-1069056309;0
86036785;-1070055089;-2042892604;-1069056313;0
-1758393971;-1070055084;78065326;-1069056316;0
1609410145;-1070055079;1281755680;-1069056319;0
1390882209;-1070055076;-1460151442;-1069056321;0
-797970564;-1070055074;1500283616;-1069056322;0
745194006;-1070055071;-256461087;-1069056324;0
-880708814;-1070055069;1155861599;-1069056325;0
-536286796;-1070055066;1160809401;-1069056327;0
-1672082308;-1070055062;-100880192;-1069056330;0
1768564453;-1070055058;2087972581;-1069056332;0
-211655988;-1070055055;1107757965;-1069056334;0
2103090866;-1070055051;549755814;-1069056336;0
1884562930;-1070055048;1399128546;-1069056338;0
540135087;-1070055045;1967026302;-1069056340;0
-1367242709;-1070055043;2112711593;-1069056342;0
-1867245622;-1070055040;1273234465;-1069056344;0
-115448721;-1070055037;11544872;-1069056346;0
-406819302;-1070055033;-1672357186;-1069056349;0
1272134953;-1070055028;516495587;-1069056351;0
63496797;-1070055023;1438710965;-1069056354;0
2023926029;-1070055019;1797976389;-1069056357;0
-1436511942;-1070055015;-2137725482;-1069056360;0
-601982616;-1070055011;-371085174;-1069056363;0
1712764238;-1070055007;-225399884;-1069056365;0
14018773;-1070055003;61022895;-1069056366;0
1765815674;-1070055000;347445674;-1069056368;0
-214404767;-1070054997;-492031453;-1069056371;0
-1913150232;-1070054993;-1753721046;-1069056373;0
-1641570860;-1070054989;575869215;-1069056375;0
-1088516511;-1070054985;-1108032843;-1069056378;0
-1088516511;-1070054985;-1108032843;-1069056378;0
299067163;-1070054976;-180869663;-1069056383;0
-273778395;-1070054973;-1864771721;-1069056385;0
-1409573907;-1070054969;746293517;-1069056387;0
1186647924;-1070054965;-937608541;-1069056390;0
-1356522471;-1070054962;-2058560645;-1069056392;0
-730625477;-1070054959;2100616965;-1069056394;0
-1230628389;-1070054956;-922765134;-1069056396;0
2001386040;-1070054953;771032529;-1069056397;0
375483221;-1070054950;-1689399616;-1069056399;0
-1531894575;-1070054948;285873023;-1069056400;0
1700119854;-1070054945;1557458221;-1069056402;0
-1687475471;-1070054942;1562406023;-1069056404;0
1190221337;-1070054938;722928895;-1069056406;0
1461800709;-1070054934;-1242448139;-1069056409;0
-1154212331;-1070054930;-179495273;-1069056412;0
1369166854;-1070054925;461245128;-1069056414;0
2130853535;-1070054920;-446126843;-1069056418;0
286422779;-1070054914;-1916448767;-1069056421;0
975266814;-1070054908;-217703302;-1069056425;0
-1504956541;-1070054902;918092209;-1069056428;0
1154212331;-1070054895;927987814;-1069056432;0
-763061070;-1070054889;937883418;-1069056436;0
-147059680;-1070054882;-459595860;-1069056441;0
1031891663;-1070054874;2015679692;-1069056445;0
-1239699360;-1070054867;-226224517;-1069056450;0
1346626866;-1070054859;1123151128;-1069056454;0
-643489180;-1070054852;-1400228058;-1069056459;0
535462163;-1070054844;934310006;-1069056463;0
25563645;-1070054837;-463169273;-1069056468;0
-765809849;-1070054831;-875486134;-1069056472;0
-1557183343;-1070054824;-1006328017;-1069056476;0
1383460506;-1070054817;-152007483;-1069056480;0
29137058;-1070054810;702313052;-1069056483;0
-199286483;-1070054804;993683634;-1069056487;0
-146235046;-1070054797;440629285;-1069056491;0
-1219083517;-1070054790;309787401;-1069056495;0
-1447507058;-1070054783;-524741924;-1069056500;0
-1957405575;-1070054776;-1500008738;-1069056504;0
1264713250;-1070054769;1960429232;-1069056508;0
191864779;-1070054762;281474977;-1069056512;0
-2006883599;-1070054756;-2101166721;-1069056517;0
-192139657;-1070054750;-188841122;-1069056522;0
-1827938081;-1070054743;2004959453;-1069056526;0
549755814;-1070054736;607480174;-1069056530;0
321332273;-1070054729;-508524128;-1069056535;0
937333663;-1070054722;-357891035;-1069056539;0
990385099;-1070054715;918641965;-1069056542;0
-2125630854;-1070054708;-2099792331;-1069056546;0
-665204535;-1070054701;161903087;-1069056549;0
-2092370628;-1070054693;-2012106279;-1069056553;0
-1267736907;-1070054685;-172623326;-1069056557;0
964271698;-1070054676;1385384651;-1069056560;0
-817212017;-1070054668;-1492312157;-1069056564;0
1414796587;-1070054659;-75041669;-1069056568;0
759212779;-1070054650;1060753843;-1069056571;0
-740795959;-1070054642;-1676205477;-1069056575;0
-833429814;-1070054633;-258934988;-1069056579;0
-1207538645;-1070054624;1158335500;-1069056582;0
1587419913;-1070054615;-1860098796;-1069056586;0
-475538779;-1070054607;-583565796;-1069056590;0
-1339754918;-1070054599;-714407680;-1069056594;0
-1286703482;-1070054592;1760867872;-1069056598;0
809515436;-1070054585;-903248802;-1069056603;0
-190490390;-1070054580;586864331;-1069056607;0
1134146244;-1070054574;-1655039878;-1069056612;0
206983064;-1070054569;-1853776604;-1069056617;0
-1773237378;-1070054566;-1771038354;-1069056622;0
1104459430;-1070054562;-630295041;-1069056628;0
-1157235988;-1070054559;1777085668;-1069056633;0
-1167131593;-1070054555;-1658613291;-1069056639;0
-1739977151;-1070054551;-658607465;-1069056645;0
-1186922802;-1070054547;59923384;-1069056650;0
-1478293384;-1070054543;-1264713250;-1069056656;0
-925239035;-1070054539;-405444913;-1069056662;0
472240244;-1070054534;453823424;-1069056667;0
1306769570;-1070054530;1735304227;-1069056673;0
1015398988;-1070054526;-996707291;-1069056679;0
724028407;-1070054522;-418913930;-1069056685;0
151182849;-1070054518;299616919;-1069056690;0
-1829037593;-1070054515;1581097721;-1069056696;0
-1484615575;-1070054512;-1713863750;-1069056702;0
340023971;-1070054509;130567006;-1069056707;0
-368611273;-1070054508;708360366;-1069056713;0
-441453919;-1070054507;1145416238;-1069056719;0
1810345895;-1070054506;-1868070256;-1069056725;0
-1358721494;-1070054506;539310453;-1069056730;0
-1358721494;-1070054506;-81638738;-1069056736;0
2091820872;-1070054506;423311977;-1069056740;0
1247395942;-1070054506;1209737668;-1069056745;0
402971012;-1070054506;-114898965;-1069056751;0
-1004403872;-1070054507;108576773;-1069056755;0
757288634;-1070054507;-1497534837;-1069056761;0
1674556209;-1070054508;-1555534075;-1069056766;0
-504400959;-1070054510;-1754270802;-1069056771;0
-77240692;-1070054512;2060484790;-1069056776;0
-1620405261;-1070054514;1017323134;-1069056781;0
-1120402349;-1070054517;-588788477;-1069056787;0
-2027774320;-1070054520;1255642279;-1069056792;0
-2090721360;-1070054523;-209731843;-1069056798;0
1578348942;-1070054526;1916173889;-1069056803;0
952451948;-1070054529;310062279;-1069056808;0
1170979884;-1070054532;252063041;-1069056813;0
-1779559570;-1070054535;-368886151;-1069056819;0
-1842506610;-1070054538;-1693522785;-1069056824;0
700663785;-1070054541;-1892259511;-1069056829;0
-1332608093;-1070054545;-1387308796;-1069056834;0
-196812581;-1070054549;-600883105;-1069056839;0
1783407860;-1070054552;185542587;-1069056843;0
-812813971;-1070054556;690493302;-1069056848;0
41506564;-1070054559;1195444017;-1069056853;0
-1991765314;-1070054563;-1609410145;-1069056858;0
-365862494;-1070054566;-473614634;-1069056862;0
-1346077110;-1070054568;-1380986604;-1069056865;0
-918916843;-1070054570;-318033738;-1069056868;0
2114360860;-1070054572;-1084668221;-1069056871;0
-1117653570;-1070054575;895552221;-1069056874;0
1071199203;-1070054577;1468397779;-1069056878;0
-753440343;-1070054580;-351293965;-1069056883;0
-2015129936;-1070054582;1138819168;-1069056887;0
-1587969668;-1070054584;1221557418;-1069056892;0
-1233652046;-1070054585;319133250;-1069056897;0
-1796602000;-1070054585;-724028407;-1069056903;0
1299622744;-1070054584;-1204240110;-1069056908;0
-1660812314;-1070054583;-699289395;-1069056913;0
1644044761;-1070054581;1635248668;-1069056917;0
372459564;-1070054579;305664233;-1069056920;0
-2025025540;-1070054578;1509354587;-1069056923;0
-1253443256;-1070054577;1655039878;-1069056925;0
-1607760878;-1070054576;-2072029663;-1069056927;0
-1399128546;-1070054575;1946410459;-1069056929;0
-64596308;-1070054574;-159704064;-1069056932;0
2114360860;-1070054572;762511314;-1069056934;0
1124250639;-1070054570;699564273;-1069056937;0
697090372;-1070054568;-1755920070;-1069056941;0
1114355035;-1070054566;-620124558;-1069056945;0
-1637447692;-1070054564;-1173178907;-1069056949;0
187191855;-1070054561;1724309110;-1069056953;0
-875761012;-1070054559;-939807564;-1069056958;0
-1375763924;-1070054556;-153381872;-1069056963;0
938982930;-1070054552;-70643622;-1069056968;0
929087325;-1070054548;-410117837;-1069056973;0
1482141674;-1070054544;-1453279494;-1069056978;0
-570921413;-1070054540;1798526145;-1069056983;0
-1779559570;-1070054535;614627000;-1069056988;0
1306769570;-1070054530;275152785;-1069056993;0
-183343564;-1070054526;1061578477;-1069056998;0
1777085668;-1070054521;1144316727;-1069057003;0
-1401877325;-1070054517;-1942012413;-1069057008;0
-285873023;-1070054513;-451899279;-1069057013;0
1111606256;-1070054508;475263901;-1069057017;0
-941456831;-1070054504;698739639;-1069057022;0
-1514302389;-1070054500;-1683902058;-1069057027;0
-1242723017;-1070054496;650636006;-1069057031;0
-689668669;-1070054492;-2013480668;-1069057036;0
-136614320;-1070054488;-523367535;-1069057041;0
-709459878;-1070054484;-1639371837;-1069057045;0
406544424;-1070054479;835903715;-1069057049;0
396648820;-1070054475;-1265263006;-1069057054;0
386753215;-1070054471;1069275058;-1069057058;0
376857610;-1070054467;-750416686;-1069057063;0
1211386936;-1070054463;739696448;-1069057067;0
1482966308;-1070054459;-1361470273;-1069057072;0
-1977471663;-1070054455;1113805279;-1069057076;0
-1424417314;-1070054451;-565148977;-1069057081;0
1453279494;-1070054447;-1118203325;-1069057085;0
880433936;-1070054443;653384785;-1069057089;0
-536836552;-1070054440;-462619517;-1069057094;0
-1954107040;-1070054436;-1015673866;-1069057098;0
-1046735070;-1070054433;542334110;-1069057101;0
1340854430;-1070054430;1183074511;-1069057104;0
-493680721;-1070054429;765809849;-1069057106;0
1122326494;-1070054427;1333707604;-1069057108;0
-1275158610;-1070054426;-1971149471;-1069057110;0
1185273535;-1070054424;1906553163;-1069057112;0
758113267;-1070054422;-58823872;-1069057115;0
-1430739506;-1070054420;1004128994;-1069057117;0
2082749901;-1070054417;96757023;-1069057120;0
2145696942;-1070054414;-1092089924;-1069057124;0
-960423407;-1070054411;465918052;-1069057127;0
1354323448;-1070054407;1460976075;-1069057131;0
-2106114523;-1070054403;485709262;-1069057135;0
1616007215;-1070054399;-771032529;-1069057140;0
1887586587;-1070054395;437605628;-1069057144;0
-2135801337;-1070054391;1083293831;-1069057149;0
-456847081;-1070054387;1166032081;-1069057154;0
659157221;-1070054382;-1779559570;-1069057159;0
930736593;-1070054378;977190959;-1069057163;0
1202315965;-1070054374;-561025808;-1069057168;0
-214954523;-1070054371;-1114080157;-1069057172;0
2099792331;-1070054367;-400497110;-1069057176;0
-1569277971;-1070054364;1157510866;-1069057179;0
1944211436;-1070054361;250138895;-1069057182;0
-244641337;-1070054359;1172354273;-1069057185;0
-1234751558;-1070054357;895827099;-1069057187;0
-181694296;-1070054356;-1423867558;-1069057189;0
589887988;-1070054354;410667593;-1069057190;0
-1244647163;-1070054353;837827860;-1069057192;0
-1390332453;-1070054351;-142386756;-1069057195;0
-691592814;-1070054349;1483516064;-1069057197;0
-2036020657;-1070054346;1983518977;-1069057200;0
-1973073616;-1070054343;1357621982;-1069057203;0
-1347176622;-1070054340;-394174919;-1069057207;0
123145302;-1070054336;1726783011;-1069057210;0
-1575600163;-1070054333;-1713863750;-1069057214;0
1020621668;-1070054329;-2126180610;-1069057218;0
-396648820;-1070054326;-849647610;-1069057222;0
-2095394285;-1070054322;145410413;-1069057225;0
-1188022314;-1070054319;-1043436535;-1069057229;0
355142256;-1070054316;863941262;-1069057231;0
-634967965;-1070054315;-1455753395;-1069057233;0
2106939157;-1070054313;-43430709;-1069057235;0
-853495901;-1070054312;1368891977;-1069057236;0
-2125081099;-1070054310;810889825;-1069057238;0
-1144866482;-1070054308;-732274744;-1069057241;0
961248041;-1070054305;1315840541;-1069057243;0
-1227604732;-1070054303;1956580942;-1069057246;0
315559837;-1070054300;-2119858418;-1069057249;0
-1028868006;-1070054298;564049465;-1069057252;0
1077246517;-1070054295;-1187747436;-1069057256;0
14293651;-1070054292;-1177851831;-1069057260;0
1838933197;-1070054290;239418657;-1069057263;0
-912869529;-1070054288;953001703;-1069057267;0
-1621504773;-1070054286;-95107756;-1069057271;0
-5497558;-1070054285;1812270040;-1069057273;0
-922765134;-1070054284;-1633324523;-1069057275;0
693242081;-1070054282;-2118484029;-1069057278;0
57449483;-1070054281;-1972798738;-1069057280;0
829031767;-1070054280;1060478965;-1069057282;0
-1286978360;-1070054279;-1749323000;-1069057285;0
1454928761;-1070054277;-1390057575;-1069057288;0
464818541;-1070054275;-1593742104;-1069057291;0
1163558180;-1070054273;667953314;-1069057294;0
1862297820;-1070054271;-2069006006;-1069057298;0
1153662575;-1070054269;-1214685471;-1069057302;0
1289452261;-1070054267;-1345527354;-1069057306;0
1425241948;-1070054265;-1054156773;-1069057310;0
1842506610;-1070054263;-1325736145;-1069057314;0
1978296296;-1070054261;-752890587;-1069057318;0
-1054981407;-1070054259;-39307541;-1069057322;0
-1200666698;-1070054257;2081650389;-1069057325;0
978290471;-1070054255;1877965860;-1069057328;0
905447825;-1070054254;1460701198;-1069057330;0
-574769703;-1070054254;-1984893366;-1069057332;0
-366137372;-1070054253;-431833192;-1069057334;0
123969936;-1070054251;1684176936;-1069057335;0
1458502174;-1070054250;-354042744;-1069057337;0
-94558000;-1070054249;1621229895;-1069057338;0
1167131593;-1070054246;-416989785;-1069057340;0
1511553610;-1070054243;-1892259511;-1069057341;0
-187191855;-1070054240;1631125500;-1069057342;0
647337471;-1070054235;296593262;-1069057343;0
1680603523;-1070054226;-1173728663;-1069057347;0
1597865273;-1070054221;-324355930;-1069057349;0
-246565483;-1070054216;452174157;-1069057349;0
1641021104;-1070054210;-1658888168;-1069057350;0
432382948;-1070054205;-1163833058;-1069057351;0
-1266362517;-1070054202;-32985349;-1069057353;0
-1412047808;-1070054200;-872462477;-1069057355;0
-1203415477;-1070054199;1738602761;-1069057357;0
-994783145;-1070054198;195438192;-1069057359;0
1747123977;-1070054196;341123483;-1069057361;0
-1567628703;-1070054194;768283750;-1069057363;0
1945860703;-1070054191;1899131459;-1069057365;0
1445857791;-1070054188;-279825709;-1069057367;0
664379901;-1070054185;1695446930;-1069057368;0
-680047942;-1070054183;79439715;-1069057369;0
1144591605;-1070054180;-692142570;-1069057371;0
81638738;-1070054177;-1885937320;-1069057372;0
1343328331;-1070054175;933760250;-1069057373;0
-845524442;-1070054173;21440477;-1069057374;0
1542065058;-1070054170;-1031616785;-1069057376;0
1042062145;-1070054167;1084393343;-1069057377;0
-20890721;-1070054165;-1376038802;-1069057379;0
605006273;-1070054161;36283884;-1069057380;0
-249314262;-1070054158;463444151;-1069057382;0
585215064;-1070054153;609129442;-1069057384;0
-1186373046;-1070054149;614077244;-1069057386;0
-143211390;-1070054144;-225399884;-1069057389;0
-143211390;-1070054144;-225399884;-1069057389;0
817212017;-1070054133;420288320;-1069057393;0
1860373674;-1070054128;1764716163;-1069057396;0
-1954381918;-1070054123;-1045085802;-1069057399;0
1694897174;-1070054118;721554506;-1069057401;0
1694897174;-1070054118;721554506;-1069057401;0
-2129754023;-1070054109;-1661087192;-1069057406;0
1592367715;-1070054105;-1233926924;-1069057408;0
175097227;-1070054101;-243816703;-1069057410;0
-1805123215;-1070054098;746293517;-1069057411;0
854045657;-1070054091;1741351540;-1069057415;0
